long,lat
-116.956347,43.67832
-116.956393,43.678362
-116.956522,43.678617
-116.95635,43.67852
-116.956695,43.678938
-116.95665,43.678872
-116.956255,43.678158
-116.956285,43.678287
-116.956323,43.678338
-116.9561,43.678575
-116.955168,43.678072
-116.955178,43.677898
-116.95511,43.67798
-116.955203,43.678013
-116.955117,43.677898
-116.955298,43.678022
-116.955207,43.677952
-116.955042,43.677743
-116.95535,43.67785
-116.955222,43.677828
-116.955072,43.677748
-116.955057,43.677682
-116.954995,43.677617
-116.955148,43.677677
-116.95518,43.677782
-116.955035,43.677708
-116.955112,43.677757
-116.957215,43.677205
-116.958402,43.675663
-116.958008,43.673487
-116.957817,43.672692
-116.957895,43.673003
-116.959173,43.67256
-116.961983,43.670585
-116.963113,43.66917
-116.969118,43.668852
-116.973378,43.66831
-116.975715,43.667283
-116.974927,43.66812
-116.976785,43.667005
-116.976657,43.666785
-116.975075,43.668363
-116.974172,43.668187
-116.974167,43.668195
-116.974107,43.66822
-116.974157,43.668163
-116.974195,43.668152
-116.974122,43.668178
-116.974162,43.66817
-116.974138,43.668173
-116.97414,43.668168
-116.974385,43.66864
-116.97611,43.668468
-116.975645,43.66807
-116.975377,43.667532
-116.975572,43.667498
-116.976145,43.667083
-116.976408,43.666215
-116.976602,43.666857
-116.976562,43.66687
-116.976553,43.666885
-116.976648,43.666917
-116.976512,43.666922
-116.976657,43.667002
-116.97663,43.6669
-116.976245,43.667243
-116.976568,43.666933
-116.976592,43.666923
-116.976575,43.666752
-116.976618,43.666838
-116.97684,43.66678
-116.976537,43.667127
-116.976467,43.667108
-116.97652,43.667082
-116.976493,43.666972
-116.976493,43.666943
-116.9767,43.666822
-116.976462,43.66687
-116.976527,43.666913
-116.976573,43.667222
-116.976577,43.666893
-116.976548,43.66693
-116.976583,43.666887
-116.976542,43.666918
-116.97652,43.66696
-116.976542,43.666987
-116.976575,43.666738
-116.976543,43.666922
-116.976507,43.666965
-116.976628,43.666807
-116.976565,43.666895
-116.976602,43.666853
-116.976567,43.666962
-116.976567,43.666888
-116.976608,43.666805
-116.976567,43.666897
-116.976562,43.666903
-116.976593,43.666868
-116.976587,43.666878
-116.9766,43.666855
-116.976583,43.666863
-116.976622,43.666798
-116.976463,43.667068
-116.976552,43.66695
-116.976608,43.66685
-116.976485,43.667088
-116.97654,43.666938
-116.976583,43.66687
-116.976523,43.66692
-116.976512,43.666963
-116.976528,43.666967
-116.976543,43.666917
-116.976547,43.666942
-116.976533,43.666973
-116.976502,43.667013
-116.976527,43.666967
-116.976525,43.66694
-116.976548,43.66691
-116.976525,43.666968
-116.97652,43.666973
-116.976478,43.667082
-116.976445,43.66714
-116.976545,43.667228
-116.975663,43.667422
-116.975547,43.667762
-116.975377,43.668018
-116.975388,43.668167
-116.975393,43.668177
-116.975367,43.668118
-116.97543,43.668155
-116.975412,43.668142
-116.975405,43.668158
-116.975393,43.66813
-116.975375,43.668022
-116.975378,43.66813
-116.97546,43.668105
-116.975408,43.668163
-116.975575,43.668142
-116.975443,43.668158
-116.975503,43.668118
-116.975403,43.66818
-116.975433,43.66814
-116.975368,43.668298
-116.97537,43.668123
-116.975368,43.668168
-116.975432,43.66814
-116.97544,43.668155
-116.975083,43.668135
-116.975282,43.668315
-116.97539,43.668127
-116.97539,43.668117
-116.975423,43.66815
-116.975445,43.668157
-116.975405,43.668147
-116.975327,43.668248
-116.975347,43.66795
-116.975075,43.667995
-116.975407,43.668117
-116.975417,43.668203
-116.975402,43.668105
-116.975242,43.668162
-116.97535,43.668147
-116.97533,43.66804
-116.975227,43.66817
-116.975223,43.668087
-116.975313,43.668102
-116.975427,43.668115
-116.975332,43.668252
-116.975128,43.667903
-116.97536,43.668152
-116.975432,43.6682
-116.975492,43.6683
-116.975347,43.668155
-116.975277,43.668128
-116.975282,43.66818
-116.975308,43.668003
-116.97521,43.668303
-116.97531,43.668213
-116.9754,43.66825
-116.97536,43.66822
-116.975407,43.668158
-116.975522,43.66817
-116.97534,43.668165
-116.975317,43.668147
-116.975597,43.668155
-116.97541,43.668162
-116.975523,43.66818
-116.975477,43.668167
-116.975238,43.668133
-116.975557,43.668185
-116.975618,43.668167
-116.975502,43.668188
-116.975797,43.668197
-116.975362,43.66814
-116.97516,43.668113
-116.975167,43.668135
-116.975247,43.668145
-116.975753,43.668187
-116.975695,43.668187
-116.975577,43.668182
-116.97547,43.668168
-116.975095,43.668148
-116.975367,43.66815
-116.975375,43.668153
-116.975517,43.668158
-116.975077,43.668142
-116.974342,43.668073
-116.974722,43.668132
-116.976458,43.668228
-116.97449,43.668098
-116.975273,43.668162
-116.975132,43.66819
-116.973818,43.668057
-116.97445,43.668105
-116.975293,43.668188
-116.975313,43.668165
-116.97534,43.668307
-116.9753,43.668143
-116.975348,43.66817
-116.975298,43.668153
-116.975247,43.668135
-116.975367,43.668177
-116.97543,43.668165
-116.975363,43.66817
-116.97534,43.668158
-116.975362,43.668158
-116.97533,43.668153
-116.975342,43.668155
-116.975342,43.668168
-116.975365,43.668175
-116.975333,43.668178
-116.975425,43.66831
-116.97534,43.66816
-116.975345,43.668152
-116.97538,43.668178
-116.975327,43.668152
-116.97538,43.668177
-116.97538,43.668168
-116.975355,43.668175
-116.975352,43.668233
-116.975387,43.668142
-116.975367,43.668125
-116.975473,43.668213
-116.975273,43.668158
-116.975312,43.668155
-116.975242,43.668182
-116.975222,43.668155
-116.975168,43.668127
-116.975293,43.668147
-116.975382,43.668267
-116.9752,43.668152
-116.9754,43.668152
-116.975277,43.66817
-116.975247,43.668153
-116.975332,43.66806
-116.975145,43.668242
-116.975243,43.668152
-116.975392,43.668148
-116.975355,43.668317
-116.975275,43.6681
-116.97534,43.66825
-116.975437,43.668233
-116.9754,43.668097
-116.97536,43.66816
-116.975253,43.668108
-116.975403,43.66815
-116.975297,43.668172
-116.97531,43.668243
-116.975323,43.66819
-116.975445,43.668203
-116.975347,43.66815
-116.975317,43.668337
-116.97537,43.668292
-116.975328,43.668163
-116.975337,43.668082
-116.975327,43.668175
-116.975358,43.668142
-116.975358,43.668183
-116.975307,43.668185
-116.9752,43.668177
-116.97523,43.668147
-116.975357,43.668153
-116.975288,43.668113
-116.975308,43.66817
-116.975385,43.668052
-116.97528,43.668228
-116.97534,43.668222
-116.975363,43.668223
-116.975427,43.668255
-116.975332,43.668195
-116.975373,43.66823
-116.975422,43.668245
-116.975373,43.668205
-116.97527,43.668175
-116.975423,43.668258
-116.97536,43.668195
-116.9754,43.668225
-116.975385,43.66821
-116.975392,43.668235
-116.975367,43.6682
-116.975373,43.668212
-116.97532,43.668182
-116.975417,43.668217
-116.97537,43.668195
-116.975292,43.668157
-116.975348,43.668232
-116.975355,43.668215
-116.975437,43.668247
-116.97535,43.66824
-116.975318,43.6682
-116.97532,43.668193
-116.975333,43.668195
-116.975367,43.66821
-116.975378,43.668208
-116.975225,43.668112
-116.975272,43.668162
-116.975323,43.66815
-116.975277,43.668163
-116.975303,43.668173
-116.975355,43.668222
-116.975403,43.668175
-116.975567,43.668313
-116.975307,43.668177
-116.975253,43.668142
-116.975307,43.66819
-116.975282,43.66816
-116.975907,43.668408
-116.975225,43.668158
-116.975238,43.668135
-116.975278,43.668175
-116.975333,43.668175
-116.97538,43.668187
-116.975408,43.668228
-116.975345,43.668177
-116.975212,43.668162
-116.975312,43.668202
-116.975318,43.668167
-116.975287,43.668165
-116.975287,43.668103
-116.975283,43.668122
-116.9752,43.668235
-116.975215,43.668268
-116.975187,43.668148
-116.975228,43.668165
-116.97527,43.66815
-116.97529,43.668147
-116.975413,43.668202
-116.975355,43.668247
-116.975333,43.668145
-116.975263,43.668232
-116.975332,43.668078
-116.97521,43.668185
-116.975257,43.66819
-116.975305,43.668168
-116.975335,43.66821
-116.975315,43.668258
-116.975458,43.668202
-116.975255,43.668153
-116.975232,43.668137
-116.975267,43.668188
-116.956248,43.678198
-116.956215,43.678257
-116.956167,43.67827
-116.956267,43.678163
-116.956272,43.678207
-116.956143,43.678288
-116.956175,43.6782
-116.956158,43.678197
-116.956187,43.678243
-116.956277,43.678245
-116.956213,43.678258
-116.956347,43.678153
-116.95617,43.678232
-116.956257,43.678197
-116.956147,43.678352
-116.956252,43.678235
-116.956212,43.678192
-116.956343,43.678465
-116.955048,43.677767
-116.955042,43.677768
-116.955097,43.677822
-116.955018,43.677772
-116.955078,43.677757
-116.954918,43.677792
-116.955052,43.677753
-116.955097,43.677745
-116.955077,43.677762
-116.95507,43.67777
-116.954968,43.67773
-116.955105,43.677757
-116.955197,43.677777
-116.955035,43.677788
-116.95505,43.677775
-116.954982,43.677792
-116.95505,43.677835
-116.955112,43.67762
-116.955223,43.677898
-116.955018,43.677727
-116.95514,43.677863
-116.955033,43.677803
-116.955082,43.677813
-116.955067,43.677793
-116.954972,43.677767
-116.955078,43.677787
-116.954955,43.677612
-116.957965,43.67807
-116.957518,43.677692
-116.956093,43.676612
-116.95638,43.67464
-116.955187,43.67316
-116.95568,43.672655
-116.955837,43.67282
-116.956855,43.672703
-116.957935,43.672805
-116.957587,43.672623
-116.957935,43.673153
-116.957702,43.67249
-116.957777,43.672452
-116.957815,43.672588
-116.957778,43.67256
-116.957818,43.672545
-116.957772,43.672583
-116.9579,43.672655
-116.957828,43.6726
-116.95763,43.672365
-116.9578,43.672592
-116.957757,43.67243
-116.957747,43.672523
-116.957993,43.672662
-116.957827,43.6728
-116.9578,43.672575
-116.957852,43.672618
-116.957728,43.672643
-116.957762,43.672472
-116.957773,43.67233
-116.957667,43.67262
-116.957283,43.672578
-116.95733,43.672618
-116.957658,43.673023
-116.957852,43.673173
-116.957507,43.67259
-116.957747,43.67288
-116.957698,43.673187
-116.9575,43.672678
-116.958017,43.673685
-116.958027,43.673517
-116.958208,43.672668
-116.957605,43.673575
-116.957623,43.673585
-116.957587,43.672942
-116.95721,43.672807
-116.955832,43.672437
-116.955575,43.671995
-116.953238,43.670793
-116.952213,43.67041
-116.951502,43.669782
-116.950803,43.669115
-116.949707,43.668927
-116.950017,43.669227
-116.95126,43.668852
-116.949728,43.669043
-116.949685,43.669042
-116.949673,43.669037
-116.949695,43.669037
-116.949657,43.669042
-116.949713,43.669038
-116.949685,43.66902
-116.949705,43.66903
-116.94971,43.669038
-116.949722,43.669013
-116.950103,43.668927
-116.950905,43.669323
-116.950357,43.66911
-116.949493,43.669132
-116.952292,43.670122
-116.954618,43.66927
-116.955078,43.668712
-116.957742,43.669038
-116.964815,43.668628
-116.974085,43.670012
-116.974693,43.669543
-116.974512,43.66977
-116.97458,43.669718
-116.974652,43.66977
-116.97446,43.66975
-116.974462,43.669822
-116.974178,43.669692
-116.974562,43.66976
-116.974527,43.669752
-116.974578,43.669768
-116.974512,43.669717
-116.974472,43.669917
-116.974717,43.669795
-116.974487,43.669815
-116.974435,43.669917
-116.97444,43.66986
-116.974712,43.669805
-116.974463,43.669875
-116.974418,43.670032
-116.974518,43.669895
-116.974292,43.66972
-116.974663,43.669902
-116.974438,43.669968
-116.974252,43.670012
-116.974682,43.669897
-116.974483,43.66988
-116.974683,43.66994
-116.974398,43.669967
-116.974232,43.669748
-116.974565,43.669915
-116.974722,43.669905
-116.974628,43.670023
-116.974528,43.669988
-116.974208,43.669937
-116.974332,43.669895
-116.974593,43.669965
-116.974352,43.669883
-116.974215,43.669933
-116.97458,43.669912
-116.974547,43.669905
-116.974547,43.669975
-116.974563,43.66993
-116.974583,43.669935
-116.974613,43.669975
-116.974587,43.669892
-116.974627,43.669928
-116.974518,43.669923
-116.97458,43.669872
-116.974402,43.669915
-116.974543,43.669923
-116.97457,43.66984
-116.974638,43.670017
-116.97455,43.66992
-116.974488,43.66977
-116.97459,43.669837
-116.97459,43.669887
-116.974585,43.669867
-116.974583,43.669878
-116.974603,43.66986
-116.97457,43.669903
-116.974522,43.669828
-116.974543,43.669797
-116.974532,43.669815
-116.97456,43.669935
-116.974537,43.669857
-116.974552,43.669905
-116.974673,43.669922
-116.974557,43.669895
-116.974542,43.669792
-116.974543,43.669922
-116.974565,43.669945
-116.974605,43.669912
-116.974607,43.669852
-116.97459,43.66991
-116.97466,43.66983
-116.97479,43.66969
-116.974627,43.66985
-116.9746,43.669867
-116.974523,43.669933
-116.974495,43.669965
-116.974567,43.669955
-116.974573,43.669858
-116.974588,43.66985
-116.974558,43.6699
-116.974595,43.66991
-116.974507,43.670033
-116.974537,43.669932
-116.974462,43.669998
-116.974493,43.669983
-116.974502,43.669972
-116.9746,43.669897
-116.974573,43.670032
-116.974598,43.67001
-116.97467,43.669873
-116.97462,43.669818
-116.974688,43.669768
-116.974568,43.669862
-116.974587,43.669858
-116.974592,43.66991
-116.974577,43.66992
-116.974595,43.669922
-116.974445,43.670075
-116.974565,43.670018
-116.974528,43.66979
-116.974512,43.669783
-116.974628,43.669768
-116.9745,43.66976
-116.974723,43.669988
-116.974565,43.669713
-116.974583,43.66981
-116.974552,43.669797
-116.974327,43.669703
-116.974598,43.669813
-116.97446,43.669825
-116.974618,43.669808
-116.97452,43.669883
-116.974562,43.66995
-116.974655,43.669695
-116.974617,43.669688
-116.974603,43.66968
-116.97463,43.669717
-116.974652,43.669667
-116.974712,43.669623
-116.974557,43.669702
-116.978477,43.67365
-116.980895,43.677428
-116.980877,43.677472
-116.980885,43.677445
-116.980832,43.67756
-116.980883,43.677402
-116.980848,43.677573
-116.980867,43.677478
-116.9812,43.678702
-116.981132,43.678607
-116.981177,43.678593
-116.981088,43.678587
-116.981168,43.678493
-116.981253,43.678418
-116.981442,43.678375
-116.98229,43.680817
-116.981637,43.681823
-116.981673,43.681958
-116.981615,43.681392
-116.981263,43.682182
-116.98195,43.682045
-116.981652,43.68153
-116.981852,43.68173
-116.982228,43.682982
-116.985157,43.684593
-116.985552,43.684952
-116.984723,43.683793
-116.983758,43.68315
-116.982507,43.682677
-116.982073,43.681648
-116.981545,43.682503
-116.981387,43.682372
-116.981828,43.681602
-116.981472,43.681433
-116.981128,43.682483
-116.98149,43.683137
-116.981068,43.682893
-116.981315,43.682967
-116.981432,43.682977
-116.981223,43.682972
-116.981505,43.68305
-116.981385,43.682992
-116.981402,43.682978
-116.981407,43.682947
-116.981357,43.682955
-116.981335,43.682955
-116.98134,43.683053
-116.979523,43.682902
-116.981447,43.681917
-116.981503,43.681937
-116.981295,43.681842
-116.981497,43.681922
-116.981603,43.681873
-116.981583,43.6819
-116.981542,43.681828
-116.981362,43.681742
-116.981797,43.681972
-116.98162,43.681847
-116.981997,43.681978
-116.98186,43.681927
-116.981808,43.681927
-116.98172,43.681912
-116.981437,43.681748
-116.98137,43.68203
-116.981898,43.681985
-116.981698,43.68182
-116.981827,43.681868
-116.981463,43.681952
-116.981653,43.681915
-116.98162,43.681912
-116.98162,43.681895
-116.981628,43.681905
-116.981648,43.681902
-116.981668,43.681933
-116.981593,43.681908
-116.98163,43.6819
-116.981662,43.68193
-116.981635,43.6819
-116.981633,43.6819
-116.981628,43.681887
-116.981602,43.681905
-116.981657,43.681935
-116.981602,43.681893
-116.981612,43.681897
-116.981638,43.681925
-116.981563,43.681862
-116.981612,43.681908
-116.981657,43.681925
-116.98168,43.681927
-116.981602,43.68189
-116.98162,43.681915
-116.981655,43.68193
-116.981633,43.681897
-116.981605,43.681903
-116.98167,43.681935
-116.981647,43.681908
-116.981647,43.681907
-116.981603,43.681913
-116.981643,43.681918
-116.981655,43.68191
-116.981657,43.681908
-116.981655,43.681927
-116.98164,43.681905
-116.981543,43.681882
-116.981587,43.68188
-116.981632,43.6819
-116.982048,43.681075
-116.98206,43.681193
-116.982213,43.68125
-116.981978,43.681172
-116.982073,43.681243
-116.981953,43.681182
-116.98192,43.68116
-116.981493,43.680858
-116.956212,43.678137
-116.956258,43.678297
-116.956162,43.678288
-116.956297,43.678263
-116.95627,43.67821
-116.956357,43.678235
-116.956258,43.678207
-116.956292,43.67823
-116.9562,43.678252
-116.956233,43.678272
-116.956267,43.678152
-116.956243,43.678158
-116.956195,43.678145
-116.9562,43.678248
-116.956162,43.678112
-116.956185,43.678218
-116.956283,43.67824
-116.956365,43.678318
-116.956082,43.678172
-116.956462,43.678308
-116.956257,43.678198
-116.95635,43.678395
-116.956422,43.67825
-116.95626,43.678172
-116.956332,43.678125
-116.95628,43.678243
-116.95624,43.678255
-116.956605,43.678418
-116.956548,43.678448
-116.957612,43.679238
-116.961542,43.683893
-116.967563,43.688085
-116.971167,43.69339
-116.97535,43.693632
-116.976747,43.696382
-116.976292,43.694475
-116.976333,43.692023
-116.974267,43.691635
-116.973912,43.694663
-116.97368,43.696428
-116.976182,43.697402
-116.980285,43.696508
-116.97904,43.69525
-116.97707,43.69697
-116.97601,43.69591
-116.972855,43.697193
-116.972445,43.69394
-116.973607,43.691348
-116.975797,43.691283
-116.975823,43.691188
-116.976053,43.690613
-116.97594,43.691502
-116.975795,43.69242
-116.974828,43.692908
-116.972393,43.691497
-116.975525,43.693068
-116.975393,43.691458
-116.973237,43.691182
-116.973012,43.691892
-116.970947,43.691227
-116.971445,43.688578
-116.97182,43.685932
-116.975457,43.683688
-116.980015,43.68243
-116.981978,43.680332
-116.981472,43.677743
-116.98131,43.678058
-116.981245,43.678328
-116.981388,43.678027
-116.981392,43.678075
-116.98144,43.67809
-116.981472,43.67812
-116.981483,43.678087
-116.9814,43.678077
-116.981468,43.678112
-116.981505,43.6781
-116.9815,43.6781
-116.981525,43.678065
-116.981465,43.678118
-116.981445,43.678073
-116.981623,43.678135
-116.981415,43.678162
-116.981645,43.678148
-116.981605,43.678117
-116.981563,43.678088
-116.981658,43.678112
-116.981615,43.678115
-116.98164,43.678118
-116.981755,43.67819
-116.981657,43.678115
-116.98153,43.678083
-116.981692,43.678122
-116.981707,43.678093
-116.98151,43.678203
-116.982108,43.677215
-116.982603,43.678455
-116.982262,43.681897
-116.981607,43.681178
-116.984183,43.68117
-116.986378,43.683435
-116.986628,43.681758
-116.985405,43.679038
-116.984715,43.676652
-116.985985,43.673578
-116.983235,43.671222
-116.979612,43.669963
-116.977487,43.670365
-116.979088,43.670565
-116.977968,43.67015
-116.976573,43.669347
-116.974983,43.668273
-116.976422,43.66656
-116.976392,43.666735
-116.975468,43.668047
-116.973238,43.668433
-116.973098,43.668812
-116.972572,43.669192
-116.972477,43.668842
-116.97257,43.668993
-116.972998,43.667692
-116.972663,43.669015
-116.972643,43.668925
-116.973037,43.668347
-116.972653,43.669025
-116.9728,43.668955
-116.972652,43.669028
-116.972585,43.668868
-116.97266,43.669122
-116.972648,43.668997
-116.972562,43.669287
-116.972727,43.668757
-116.972922,43.66862
-116.972758,43.668843
-116.972655,43.669002
-116.973748,43.669012
-116.972622,43.66899
-116.972617,43.669042
-116.972703,43.668997
-116.97246,43.667592
-116.972442,43.66871
-116.972498,43.669057
-116.973052,43.66911
-116.972317,43.667228
-116.973358,43.669037
-116.971862,43.667928
-116.972658,43.669
-116.972988,43.66845
-116.972777,43.66903
-116.973162,43.66808
-116.9727,43.668953
-116.971882,43.667335
-116.969568,43.669835
-116.96894,43.670993
-116.967943,43.670783
-116.96741,43.670437
-116.965503,43.670902
-116.961873,43.670307
-116.960352,43.671835
-116.961097,43.670798
-116.959125,43.670343
-116.960343,43.671312
-116.959807,43.672517
-116.957695,43.67329
-116.956932,43.673205
-116.959065,43.673012
-116.958255,43.67295
-116.95992,43.673533
-116.959972,43.673502
-116.95999,43.673635
-116.95998,43.673593
-116.959993,43.673555
-116.960243,43.673673
-116.961125,43.674408
-116.957312,43.676318
-116.956457,43.678085
-116.957003,43.679587
-116.956047,43.678455
-116.95512,43.679422
-116.95562,43.677485
-116.955077,43.679188
-116.954148,43.678545
-116.954798,43.678748
-116.954972,43.679195
-116.955955,43.679257
-116.955323,43.679308
-116.955915,43.679367
-116.955135,43.679683
-116.955282,43.679408
-116.954938,43.679592
-116.954568,43.679627
-116.954923,43.679418
-116.955063,43.679397
-116.955222,43.679287
-116.955412,43.679603
-116.955022,43.679372
-116.955072,43.680535
-116.954268,43.67867
-116.955348,43.679452
-116.955097,43.679363
-116.954792,43.677782
-116.954948,43.677947
-116.955115,43.679717
-116.956442,43.679288
-116.954808,43.679392
-116.955215,43.679628
-116.95508,43.679677
-116.954738,43.679137
-116.95455,43.678705
-116.954745,43.67908
-116.95491,43.678025
-116.954975,43.679037
-116.954523,43.678373
-116.954705,43.678898
-116.955065,43.678795
-116.955053,43.679082
-116.955103,43.679222
-116.9549,43.678925
-116.955063,43.678858
-116.955008,43.678783
-116.954807,43.678755
-116.954912,43.678675
-116.955027,43.678567
-116.954468,43.678385
-116.954797,43.678782
-116.955005,43.679233
-116.954537,43.678257
-116.954785,43.678648
-116.95441,43.678365
-116.954503,43.678255
-116.954972,43.678782
-116.955447,43.677847
-116.954645,43.678703
-116.955062,43.678517
-116.9548,43.678427
-116.954435,43.678038
-116.954012,43.678405
-116.954337,43.677985
-116.95465,43.679148
-116.953998,43.678248
-116.95445,43.679215
-116.954668,43.678842
-116.954643,43.67848
-116.954653,43.678443
-116.956355,43.679008
-116.956207,43.678198
-116.956343,43.678013
-116.956307,43.678125
-116.956363,43.678253
-116.956248,43.678227
-116.956085,43.678153
-116.956225,43.678238
-116.955988,43.677948
-116.95838,43.678347
-116.958405,43.677723
-116.958847,43.678668
-116.95883,43.67873
-116.958953,43.678732
-116.958733,43.678353
-116.957972,43.676875
-116.959182,43.674562
-116.961622,43.671977
-116.964817,43.672112
-116.966567,43.674712
-116.966678,43.675455
-116.970505,43.673705
-116.97472,43.675042
-116.977447,43.676363
-116.9805,43.678447
-116.9812,43.682602
-116.980305,43.685247
-116.97815,43.688455
-116.975857,43.69115
-116.974395,43.692982
-116.976552,43.69246
-116.974425,43.69126
-116.972287,43.693482
-116.973232,43.694825
-116.974315,43.695938
-116.974492,43.696625
-116.975717,43.696227
-116.973955,43.696525
-116.973773,43.696152
-116.974623,43.694805
-116.976823,43.696548
-116.978665,43.694957
-116.977923,43.694705
-116.975257,43.696072
-116.97606,43.692698
-116.97328,43.691727
-116.975658,43.691067
-116.978982,43.688747
-116.983003,43.686927
-116.983877,43.685953
-116.984668,43.683968
-116.982365,43.68125
-116.982343,43.678367
-116.981863,43.67579
-116.97978,43.674072
-116.978893,43.671447
-116.978448,43.669972
-116.97798,43.670663
-116.97961,43.670175
-116.975473,43.67179
-116.975297,43.66861
-116.976218,43.667138
-116.974877,43.669078
-116.975497,43.668158
-116.97535,43.668368
-116.974977,43.668708
-116.975355,43.668332
-116.975527,43.667705
-116.975338,43.66832
-116.975487,43.667612
-116.97633,43.667693
-116.97624,43.665985
-116.977328,43.666482
-116.97688,43.666208
-116.978105,43.667507
-116.977683,43.669043
-116.978767,43.668945
-116.977327,43.670318
-116.978803,43.669558
-116.979712,43.670137
-116.976903,43.671687
-116.978342,43.669985
-116.97729,43.670452
-116.978675,43.670675
-116.980008,43.671227
-116.982323,43.670988
-116.980347,43.67143
-116.978358,43.669865
-116.978338,43.668855
-116.977885,43.671062
-116.980927,43.672757
-116.981442,43.674288
-116.982287,43.676367
-116.979162,43.67714
-116.976847,43.675155
-116.980977,43.673885
-116.982152,43.673877
-116.979503,43.674938
-116.981152,43.67473
-116.980747,43.675473
-116.980837,43.675385
-116.981352,43.674767
-116.98076,43.675518
-116.980805,43.675487
-116.980542,43.67606
-116.981883,43.675425
-116.98317,43.675782
-116.986937,43.674045
-116.98807,43.676372
-116.986908,43.677053
-116.983655,43.677977
-116.981718,43.677862
-116.982418,43.677148
-116.982505,43.677163
-116.981618,43.676392
-116.981188,43.678195
-116.981163,43.67822
-116.981188,43.678208
-116.981398,43.678157
-116.981253,43.67813
-116.981435,43.67819
-116.981462,43.678217
-116.981405,43.678158
-116.981377,43.678193
-116.981312,43.677933
-116.98138,43.678127
-116.981253,43.67825
-116.981248,43.678023
-116.981483,43.67817
-116.981423,43.678212
-116.981385,43.678152
-116.98133,43.678165
-116.98122,43.679032
-116.981075,43.678922
-116.980948,43.678913
-116.981152,43.67893
-116.980993,43.678708
-116.981097,43.679017
-116.981072,43.678958
-116.981062,43.67895
-116.980963,43.679097
-116.981062,43.678857
-116.980953,43.67894
-116.981023,43.678898
-116.98105,43.678902
-116.98078,43.678925
-116.980968,43.678855
-116.981132,43.678903
-116.981095,43.678907
-116.981075,43.678833
-116.981002,43.678985
-116.980968,43.678903
-116.980932,43.67886
-116.980918,43.678972
-116.981023,43.678783
-116.98099,43.678792
-116.981158,43.678928
-116.980867,43.678785
-116.980947,43.678887
-116.981092,43.67892
-116.980895,43.67888
-116.981112,43.678905
-116.98092,43.678887
-116.981085,43.67893
-116.981317,43.679005
-116.981025,43.678822
-116.981112,43.678995
-116.980955,43.678803
-116.981097,43.678915
-116.98107,43.678928
-116.98107,43.679013
-116.980957,43.67886
-116.981068,43.67896
-116.981027,43.678903
-116.981252,43.678727
-116.981008,43.678795
-116.98102,43.678718
-116.980907,43.678742
-116.981078,43.678845
-116.981038,43.67886
-116.98098,43.67888
-116.981233,43.678902
-116.981053,43.678937
-116.981048,43.67883
-116.981043,43.67904
-116.980913,43.678718
-116.981217,43.678722
-116.980983,43.678897
-116.98102,43.678855
-116.98101,43.678893
-116.981092,43.679003
-116.981175,43.678727
-116.981005,43.678973
-116.980792,43.678645
-116.981038,43.678828
-116.98093,43.678883
-116.981013,43.678908
-116.981108,43.678878
-116.981055,43.678897
-116.980927,43.678803
-116.981028,43.678835
-116.980745,43.678552
-116.980848,43.678643
-116.981053,43.67888
-116.98085,43.678707
-116.980708,43.678723
-116.980953,43.678767
-116.981088,43.678935
-116.981022,43.678922
-116.98099,43.678853
-116.980975,43.678675
-116.981025,43.678912
-116.98116,43.678828
-116.98098,43.678855
-116.981048,43.678592
-116.98105,43.678903
-116.981025,43.678915
-116.980947,43.678882
-116.981055,43.678698
-116.981028,43.678802
-116.981268,43.678882
-116.981517,43.67889
-116.980693,43.678347
-116.98059,43.678632
-116.981172,43.679013
-116.981,43.678948
-116.980675,43.67855
-116.980898,43.678798
-116.980778,43.678695
-116.981163,43.678408
-116.981042,43.678867
-116.980677,43.67895
-116.980592,43.677615
-116.98,43.675482
-116.979857,43.675032
-116.980175,43.674827
-116.980328,43.674952
-116.981085,43.674263
-116.979737,43.67481
-116.981073,43.674527
-116.980295,43.674317
-116.980702,43.67451
-116.980845,43.674522
-116.98085,43.674603
-116.98102,43.674237
-116.980655,43.674227
-116.981057,43.674555
-116.980517,43.673768
-116.98092,43.674368
-116.98114,43.674503
-116.980668,43.674452
-116.981028,43.674382
-116.98093,43.674302
-116.980705,43.674082
-116.980937,43.674158
-116.980993,43.674128
-116.981003,43.67435
-116.980897,43.674337
-116.980927,43.674203
-116.980603,43.673987
-116.980537,43.673852
-116.980517,43.674043
-116.980445,43.673643
-116.980588,43.673677
-116.98066,43.674088
-116.980615,43.673875
-116.980653,43.674207
-116.980747,43.674227
-116.980705,43.67424
-116.98066,43.674228
-116.980762,43.674178
-116.980663,43.674142
-116.980615,43.674347
-116.980562,43.674462
-116.980542,43.674275
-116.98059,43.674303
-116.98068,43.67417
-116.980545,43.674327
-116.980557,43.674357
-116.980605,43.674202
-116.980488,43.674265
-116.980607,43.674173
-116.980585,43.674177
-116.980317,43.674265
-116.980763,43.67406
-116.980472,43.674258
-116.98054,43.674203
-116.980743,43.674178
-116.980728,43.674295
-116.980665,43.674145
-116.98065,43.674132
-116.980575,43.674218
-116.98069,43.674225
-116.980703,43.674237
-116.98015,43.674278
-116.980628,43.674247
-116.980602,43.674308
-116.98053,43.674163
-116.980472,43.674337
-116.98064,43.674107
-116.980655,43.674185
-116.980515,43.674163
-116.980595,43.674222
-116.980663,43.674272
-116.98075,43.674127
-116.980765,43.674182
-116.980625,43.674187
-116.980635,43.674213
-116.980557,43.674183
-116.980557,43.674232
-116.980637,43.674128
-116.980733,43.674142
-116.980727,43.674165
-116.980658,43.674195
-116.980655,43.674282
-116.980297,43.67447
-116.98069,43.67424
-116.980712,43.674147
-116.980637,43.674207
-116.980555,43.674282
-116.980613,43.674055
-116.98029,43.67458
-116.980712,43.67426
-116.980788,43.674212
-116.980637,43.674225
-116.980753,43.673985
-116.980497,43.674248
-116.980822,43.673702
-116.980893,43.673787
-116.980662,43.674145
-116.980645,43.674247
-116.980577,43.674238
-116.980698,43.673947
-116.980657,43.673955
-116.980502,43.674173
-116.980622,43.674112
-116.980645,43.673842
-116.980677,43.673985
-116.98065,43.673998
-116.980815,43.673262
-116.980745,43.673685
-116.98047,43.674607
-116.980722,43.674038
-116.980597,43.674337
-116.980618,43.674245
-116.980633,43.673933
-116.980743,43.673532
-116.980632,43.674798
-116.980553,43.6741
-116.980488,43.675222
-116.980718,43.674287
-116.98057,43.674158
-116.980645,43.6739
-116.98056,43.674537
-116.98059,43.67454
-116.980282,43.675092
-116.980132,43.674373
-116.980155,43.674315
-116.95626,43.678298
-116.95616,43.678083
-116.956302,43.67805
-116.956195,43.678055
-116.955988,43.677867
-116.956267,43.67826
-116.956223,43.678185
-116.956242,43.67826
-116.956115,43.678205
-116.956177,43.67815
-116.95637,43.678333
-116.956343,43.678193
-116.956202,43.678197
-116.955757,43.678133
-116.955407,43.678672
-116.955283,43.67864
-116.955443,43.679372
-116.955308,43.67863
-116.955575,43.678713
-116.95543,43.678567
-116.955373,43.678818
-116.955273,43.67881
-116.955527,43.67877
-116.95534,43.678742
-116.958333,43.678085
-116.96207,43.679048
-116.962427,43.681427
-116.965427,43.6832
-116.969438,43.683795
-116.973247,43.683008
-116.977703,43.682745
-116.981645,43.682733
-116.983857,43.684675
-116.984947,43.685805
-116.984722,43.683352
-116.982395,43.681828
-116.98405,43.680402
-116.987205,43.679068
-116.988257,43.67636
-116.989388,43.67534
-116.988212,43.675553
-116.987482,43.676222
-116.988225,43.674497
-116.986623,43.671562
-116.98256,43.670502
-116.978623,43.67049
-116.97846,43.670418
-116.978383,43.670865
-116.980118,43.671588
-116.980702,43.674098
-116.980203,43.674528
-116.980633,43.674262
-116.98062,43.674213
-116.981448,43.675062
-116.981608,43.675642
-116.98255,43.676857
-116.981765,43.679042
-116.982328,43.680482
-116.986273,43.68
-116.987145,43.677793
-116.987315,43.677582
-116.988177,43.67601
-116.987347,43.676518
-116.987327,43.676802
-116.987462,43.67669
-116.987642,43.678782
-116.9848,43.67981
-116.987015,43.681072
-116.986242,43.683802
-116.986322,43.68381
-116.986263,43.68368
-116.986108,43.683685
-116.987047,43.683603
-116.984958,43.684737
-116.984895,43.686538
-116.986368,43.687095
-116.987113,43.686588
-116.98738,43.68636
-116.987403,43.686212
-116.98716,43.686425
-116.987627,43.68575
-116.987103,43.686593
-116.987845,43.685552
-116.987523,43.685573
-116.98712,43.686578
-116.984548,43.687942
-116.987853,43.68624
-116.987187,43.686498
-116.987258,43.686653
-116.987003,43.68663
-116.986958,43.686725
-116.987292,43.68639
-116.987108,43.68649
-116.987225,43.686522
-116.987153,43.68651
-116.987348,43.686457
-116.987352,43.685747
-116.987253,43.68626
-116.987715,43.685723
-116.98737,43.686325
-116.987642,43.68636
-116.987568,43.686405
-116.987233,43.686478
-116.983962,43.685153
-116.981523,43.682525
-116.98226,43.681275
-116.98207,43.68111
-116.9819,43.681237
-116.982177,43.681202
-116.982143,43.681192
-116.981805,43.681605
-116.982627,43.680138
-116.981693,43.681422
-116.982788,43.680317
-116.982915,43.680303
-116.982933,43.680397
-116.982658,43.680017
-116.9821,43.681228
-116.981912,43.681378
-116.982245,43.681125
-116.982033,43.68136
-116.982157,43.681022
-116.98248,43.680355
-116.983163,43.679667
-116.982945,43.679985
-116.983048,43.680103
-116.982153,43.680558
-116.982285,43.680217
-116.982382,43.68012
-116.982038,43.680405
-116.98231,43.680088
-116.982133,43.680305
-116.982033,43.680988
-116.982318,43.680028
-116.981922,43.681
-116.982023,43.68136
-116.982,43.681083
-116.982515,43.679967
-116.982312,43.680047
-116.982097,43.681028
-116.982317,43.68052
-116.982098,43.681015
-116.98263,43.679893
-116.982203,43.681388
-116.98232,43.681218
-116.982023,43.681025
-116.981042,43.680872
-116.98103,43.680862
-116.981868,43.681243
-116.982297,43.680187
-116.982032,43.680952
-116.982378,43.680258
-116.982585,43.680133
-116.982342,43.680238
-116.982338,43.680343
-116.982225,43.680508
-116.982243,43.681175
-116.982155,43.681187
-116.982215,43.681078
-116.982092,43.681207
-116.982462,43.680888
-116.982183,43.681135
-116.981992,43.680975
-116.982225,43.681105
-116.982412,43.680625
-116.982075,43.68108
-116.982057,43.681365
-116.981993,43.68123
-116.982123,43.681227
-116.981923,43.681238
-116.981977,43.68127
-116.98223,43.681392
-116.982107,43.68125
-116.982012,43.68094
-116.982265,43.680585
-116.982107,43.681003
-116.98236,43.680655
-116.98208,43.680887
-116.982052,43.680988
-116.982423,43.680628
-116.981813,43.68049
-116.981777,43.680495
-116.9818,43.680472
-116.981982,43.680343
-116.981722,43.680632
-116.981805,43.680573
-116.981798,43.680537
-116.979542,43.681798
-116.976358,43.684043
-116.975815,43.687977
-116.975017,43.690727
-116.976097,43.690987
-116.975778,43.692712
-116.975508,43.692528
-116.97567,43.694563
-116.97624,43.695512
-116.974802,43.695637
-116.973735,43.694822
-116.973477,43.692113
-116.973312,43.691945
-116.972558,43.692137
-116.972678,43.69466
-116.974238,43.693642
-116.975473,43.69207
-116.973977,43.69094
-116.971198,43.69226
-116.967937,43.69172
-116.966983,43.692753
-116.965757,43.694673
-116.965732,43.69292
-116.965682,43.69301
-116.966737,43.690642
-116.965343,43.688208
-116.965345,43.685108
-116.963367,43.683055
-116.963112,43.682038
-116.962075,43.681532
-116.962575,43.679663
-116.96212,43.679005
-116.961393,43.676573
-116.961358,43.675855
-116.961435,43.675765
-116.960245,43.675032
-116.959317,43.674917
-116.957448,43.672952
-116.95775,43.67301
-116.958207,43.672695
-116.95885,43.67274
-116.959485,43.674823
-116.960038,43.675055
-116.960042,43.67515
-116.960092,43.675503
-116.960267,43.675335
-116.959553,43.675533
-116.95959,43.675623
-116.958855,43.676037
-116.959658,43.675508
-116.961012,43.67574
-116.959902,43.675617
-116.959478,43.675697
-116.96036,43.67533
-116.960075,43.675428
-116.959905,43.67549
-116.96024,43.675383
-116.960845,43.67512
-116.958563,43.676207
-116.960158,43.675477
-116.958263,43.67639
-116.959552,43.675757
-116.957788,43.676543
-116.957547,43.676585
-116.959833,43.674982
-116.957377,43.676808
-116.960163,43.675647
-116.961052,43.675377
-116.960247,43.67574
-116.960608,43.675277
-116.960452,43.675105
-116.960528,43.675208
-116.960392,43.675225
-116.960372,43.67519
-116.960467,43.67509
-116.960603,43.675187
-116.96045,43.675072
-116.9605,43.675198
-116.960377,43.675262
-116.960012,43.674347
-116.95995,43.67448
-116.959982,43.674383
-116.960055,43.674302
-116.959852,43.674317
-116.959758,43.674422
-116.960052,43.674385
-116.960053,43.674353
-116.96022,43.674267
-116.959907,43.67441
-116.96015,43.674393
-116.96011,43.67435
-116.960132,43.674342
-116.96249,43.67639
-116.961395,43.676427
-116.962455,43.677887
-116.962713,43.678143
-116.962762,43.678067
-116.962817,43.678107
-116.962697,43.678232
-116.962638,43.678257
-116.962668,43.678238
-116.962798,43.678205
-116.962937,43.678007
-116.962567,43.678138
-116.962895,43.677922
-116.962897,43.67809
-116.962768,43.678255
-116.962107,43.677632
-116.962882,43.679802
-116.962848,43.68091
-116.962873,43.680238
-116.962982,43.68026
-116.962933,43.680283
-116.963008,43.680113
-116.962913,43.680167
-116.962963,43.680182
-116.962907,43.680405
-116.963023,43.680303
-116.962972,43.68031
-116.962888,43.680385
-116.962908,43.68036
-116.962972,43.680112
-116.962855,43.68033
-116.96275,43.680453
-116.963013,43.680363
-116.963132,43.680417
-116.962222,43.680672
-116.962057,43.680695
-116.962072,43.680473
-116.962153,43.680458
-116.96221,43.680303
-116.963158,43.680333
-116.962997,43.680415
-116.96318,43.680347
-116.963042,43.680403
-116.96309,43.680372
-116.962677,43.680512
-116.963103,43.680427
-116.962702,43.680693
-116.96306,43.680415
-116.96314,43.680392
-116.963105,43.680433
-116.962578,43.68126
-116.962535,43.681442
-116.962583,43.681728
-116.962542,43.681267
-116.96279,43.68118
-116.96274,43.681965
-116.962787,43.681578
-116.962733,43.68062
-116.962677,43.681608
-116.962492,43.682278
-116.964565,43.680825
-116.964647,43.67883
-116.961948,43.677833
-116.962938,43.677693
-116.967358,43.675993
-116.967637,43.675572
-116.969717,43.675768
-116.968045,43.676767
-116.967315,43.676363
-116.967658,43.675572
-116.967637,43.676407
-116.967647,43.676685
-116.967248,43.676398
-116.969165,43.677735
-116.967147,43.677817
-116.967198,43.678393
-116.967253,43.678218
-116.96717,43.678602
-116.967235,43.67829
-116.967355,43.677185
-116.96756,43.675645
-116.956223,43.678135
-116.956155,43.678198
-116.95612,43.67825
-116.956275,43.678115
-116.956418,43.67815
-116.956105,43.67832
-116.95626,43.678303
-116.956118,43.678078
-116.95616,43.67822
-116.956087,43.678268
-116.956212,43.67821
-116.956213,43.678253
-116.956322,43.678263
-116.956257,43.67815
-116.956127,43.677978
-116.956235,43.677565
-116.956392,43.677593
-116.95619,43.677383
-116.956362,43.67777
-116.956247,43.677542
-116.956128,43.677488
-116.956355,43.677628
-116.95462,43.677697
-116.949907,43.678683
-116.949485,43.678152
-116.94916,43.67826
-116.949345,43.678283
-116.94931,43.678093
-116.949228,43.678302
-116.949445,43.67801
-116.949453,43.678055
-116.949375,43.677982
-116.949408,43.677892
-116.948085,43.679278
-116.946022,43.67906
-116.945068,43.678243
-116.944885,43.678078
-116.94338,43.678942
-116.943195,43.678997
-116.942963,43.678855
-116.943063,43.678795
-116.94292,43.678773
-116.943153,43.678828
-116.943017,43.678887
-116.942668,43.678692
-116.94253,43.678855
-116.94231,43.67884
-116.942293,43.678858
-116.942275,43.67888
-116.942283,43.678893
-116.942287,43.67888
-116.942235,43.678942
-116.944032,43.680013
-116.942558,43.679317
-116.942982,43.680105
-116.943013,43.680053
-116.94284,43.678747
-116.942912,43.678645
-116.942855,43.678705
-116.942905,43.678687
-116.944135,43.678405
-116.944753,43.678053
-116.945827,43.679537
-116.946728,43.678597
-116.94388,43.678535
-116.943132,43.678745
-116.94288,43.6787
-116.942335,43.678912
-116.942322,43.678805
-116.942315,43.678935
-116.942337,43.678763
-116.94235,43.678827
-116.942337,43.678922
-116.942138,43.678055
-116.942205,43.678868
-116.942967,43.678673
-116.942878,43.67873
-116.944355,43.678185
-116.94564,43.678343
-116.948152,43.678857
-116.949197,43.678317
-116.949165,43.678323
-116.950385,43.677355
-116.95389,43.675307
-116.953653,43.673163
-116.95744,43.673538
-116.957613,43.673042
-116.961137,43.673537
-116.963527,43.671897
-116.963283,43.671698
-116.962607,43.671475
-116.963997,43.672048
-116.967073,43.673625
-116.967053,43.673788
-116.967052,43.673747
-116.967087,43.673942
-116.9693,43.674595
-116.97205,43.674967
-116.972133,43.675073
-116.972052,43.67483
-116.97207,43.675033
-116.972103,43.67492
-116.972043,43.675228
-116.97192,43.674888
-116.972738,43.673832
-116.974115,43.67319
-116.976573,43.674327
-116.977037,43.67434
-116.976963,43.674573
-116.978518,43.673988
-116.981302,43.67545
-116.981413,43.675085
-116.981635,43.67332
-116.982212,43.673723
-116.981565,43.674753
-116.98202,43.676583
-116.982087,43.676202
-116.982152,43.676277
-116.982152,43.676313
-116.982318,43.676378
-116.982328,43.676342
-116.982212,43.676272
-116.982317,43.676115
-116.98236,43.676002
-116.982128,43.676043
-116.982242,43.676082
-116.982073,43.676037
-116.982322,43.676115
-116.982247,43.67609
-116.982217,43.675905
-116.982008,43.675722
-116.981962,43.675633
-116.982052,43.675268
-116.979988,43.674698
-116.980102,43.674542
-116.980268,43.674572
-116.98008,43.674663
-116.98023,43.674403
-116.980195,43.674557
-116.980177,43.674665
-116.980053,43.674248
-116.980533,43.674207
-116.98049,43.674072
-116.980617,43.674457
-116.98013,43.674075
-116.980538,43.674107
-116.98048,43.674063
-116.980452,43.674128
-116.980668,43.674435
-116.98052,43.674148
-116.980502,43.674303
-116.980582,43.673885
-116.980478,43.674228
-116.980548,43.674147
-116.980622,43.67396
-116.980495,43.674232
-116.980472,43.674343
-116.980518,43.674257
-116.980493,43.674208
-116.980523,43.674192
-116.980538,43.674222
-116.980563,43.674232
-116.98045,43.674095
-116.980383,43.674018
-116.980373,43.674065
-116.980428,43.674202
-116.980495,43.674263
-116.980565,43.67417
-116.980562,43.674428
-116.980575,43.674182
-116.98068,43.674343
-116.980553,43.674222
-116.980493,43.674165
-116.980615,43.674247
-116.980553,43.674235
-116.980557,43.674222
-116.980548,43.674267
-116.98053,43.674308
-116.980553,43.674227
-116.980537,43.674113
-116.980697,43.674322
-116.980468,43.674195
-116.98063,43.67422
-116.980505,43.674112
-116.98054,43.674202
-116.980555,43.674183
-116.980402,43.674107
-116.980488,43.674197
-116.980413,43.674192
-116.98042,43.674133
-116.980503,43.674138
-116.980487,43.674168
-116.980633,43.6743
-116.980528,43.674208
-116.980538,43.674143
-116.980587,43.674225
-116.980528,43.674232
-116.980203,43.673988
-116.98051,43.674142
-116.980518,43.674192
-116.980577,43.674292
-116.980635,43.674277
-116.980452,43.674165
-116.980657,43.674195
-116.980385,43.674132
-116.98062,43.673995
-116.980688,43.674293
-116.980648,43.674273
-116.980037,43.673998
-116.980587,43.674217
-116.980622,43.674283
-116.980567,43.67427
-116.98071,43.67432
-116.980297,43.674092
-116.980595,43.674353
-116.980568,43.674278
-116.980678,43.674325
-116.980345,43.674072
-116.980563,43.67419
-116.980507,43.674145
-116.98041,43.674223
-116.980353,43.674062
-116.980487,43.674143
-116.980678,43.674453
-116.980577,43.674307
-116.980518,43.67422
-116.980643,43.674228
-116.980667,43.674073
-116.980615,43.674222
-116.980497,43.674235
-116.980475,43.674217
-116.980578,43.674162
-116.980482,43.674227
-116.980425,43.674165
-116.98038,43.674147
-116.980417,43.674203
-116.980598,43.674228
-116.980572,43.674197
-116.980645,43.674122
-116.980475,43.674227
-116.980405,43.67422
-116.980858,43.67414
-116.980523,43.674185
-116.980415,43.674242
-116.980398,43.674203
-116.980402,43.67436
-116.981433,43.674718
-116.981992,43.675768
-116.982122,43.67572
-116.982252,43.67565
-116.982263,43.675667
-116.982177,43.675692
-116.982205,43.675683
-116.982203,43.675675
-116.98215,43.675687
-116.982218,43.67567
-116.98215,43.675685
-116.98218,43.675672
-116.982123,43.67569
-116.982107,43.675708
-116.982157,43.6757
-116.982167,43.675662
-116.982168,43.675705
-116.982148,43.675707
-116.98207,43.675753
-116.98204,43.675755
-116.982925,43.675583
-116.981873,43.675123
-116.981432,43.675413
-116.98143,43.675392
-116.98145,43.675448
-116.981445,43.675418
-116.981387,43.675447
-116.981515,43.675393
-116.981422,43.675468
-116.981357,43.675487
-116.981337,43.675457
-116.981453,43.67541
-116.981372,43.675455
-116.981353,43.675447
-116.981468,43.675405
-116.981157,43.675532
-116.981347,43.675432
-116.981232,43.67555
-116.981377,43.675437
-116.981318,43.675478
-116.981207,43.67541
-116.981488,43.67355
-116.981735,43.672418
-116.979145,43.67062
-116.979657,43.670807
-116.979422,43.671053
-116.97943,43.671017
-116.979418,43.67106
-116.979412,43.671023
-116.979427,43.671037
-116.979345,43.671053
-116.97943,43.671003
-116.979375,43.671058
-116.979303,43.671078
-116.979353,43.670988
-116.979768,43.67079
-116.979738,43.670792
-116.979817,43.670937
-116.979803,43.670965
-116.97967,43.670948
-116.979742,43.670965
-116.979798,43.670805
-116.979822,43.670953
-116.979707,43.67085
-116.97977,43.670865
-116.979762,43.670903
-116.979725,43.67092
-116.979822,43.670885
-116.979805,43.670892
-116.979802,43.67085
-116.97961,43.67095
-116.979832,43.67102
-116.979723,43.670995
-116.979893,43.6709
-116.979672,43.670873
-116.979922,43.670957
-116.979698,43.670953
-116.979723,43.67106
-116.979987,43.670683
-116.979925,43.670888
-116.979853,43.670985
-116.97991,43.67093
-116.979955,43.670867
-116.979998,43.670842
-116.979895,43.670955
-116.979893,43.670918
-116.980018,43.670527
-116.979975,43.67082
-116.979893,43.670847
-116.979987,43.670832
-116.979805,43.670857
-116.979858,43.67075
-116.979915,43.67092
-116.979963,43.670888
-116.979963,43.670887
-116.979908,43.670902
-116.979898,43.670885
-116.979853,43.67089
-116.979907,43.67096
-116.979883,43.670917
-116.979832,43.670862
-116.97988,43.670933
-116.979868,43.670898
-116.97987,43.670947
-116.979893,43.670915
-116.979857,43.670908
-116.979925,43.6708
-116.979952,43.670928
-116.97991,43.670867
-116.979548,43.671047
-116.979938,43.670938
-116.979898,43.67089
-116.979912,43.670962
-116.979867,43.670933
-116.956345,43.67836
-116.955953,43.677207
-116.955955,43.677243
-116.956288,43.678175
-116.95595,43.677738
-116.956127,43.677933
-116.956197,43.677917
-116.955973,43.677735
-116.956062,43.677605
-116.956077,43.677562
-116.955955,43.677563
-116.956175,43.677968
-116.95604,43.677832
-116.956163,43.677898
-116.956027,43.677697
-116.956357,43.67886
-116.956557,43.678877
-116.95626,43.67825
-116.956283,43.677948
-116.958277,43.678142
-116.96097,43.67745
-116.961047,43.677583
-116.961042,43.677588
-116.960983,43.677522
-116.961002,43.677498
-116.961078,43.677565
-116.960985,43.677427
-116.961025,43.677535
-116.960847,43.677415
-116.9612,43.677027
-116.961358,43.675872
-116.961858,43.673857
-116.961768,43.671718
-116.962667,43.671595
-116.966222,43.67009
-116.973585,43.668672
-116.975692,43.667347
-116.97673,43.666872
-116.976425,43.666767
-116.976435,43.666772
-116.976468,43.66679
-116.976445,43.666782
-116.976455,43.666825
-116.97655,43.666488
-116.976342,43.666952
-116.97487,43.66835
-116.975422,43.668312
-116.974707,43.668023
-116.975542,43.667468
-116.976608,43.66681
-116.976665,43.666867
-116.976598,43.666813
-116.97661,43.666775
-116.976643,43.666823
-116.976618,43.666802
-116.976607,43.66679
-116.976668,43.666855
-116.976558,43.66676
-116.976635,43.66686
-116.976605,43.666822
-116.976593,43.666768
-116.976602,43.666815
-116.97661,43.666795
-116.976582,43.666807
-116.976587,43.666465
-116.97678,43.666032
-116.97892,43.664742
-116.979553,43.663602
-116.980383,43.660652
-116.979313,43.659585
-116.979402,43.659663
-116.979343,43.659608
-116.979283,43.6596
-116.979415,43.659625
-116.97914,43.659552
-116.979093,43.659492
-116.97913,43.659515
-116.979203,43.659572
-116.97896,43.659462
-116.979077,43.659553
-116.979227,43.659568
-116.979057,43.659518
-116.978702,43.659147
-116.978,43.65926
-116.978372,43.65939
-116.978503,43.659413
-116.978737,43.659468
-116.978035,43.659288
-116.977593,43.659095
-116.977468,43.659197
-116.977188,43.659013
-116.977642,43.65925
-116.977115,43.659153
-116.977263,43.659248
-116.976978,43.659177
-116.976898,43.659072
-116.97759,43.659248
-116.978067,43.659548
-116.977645,43.659297
-116.97744,43.659272
-116.977685,43.659232
-116.9777,43.659275
-116.97806,43.659527
-116.977447,43.659143
-116.976892,43.658975
-116.976928,43.659207
-116.976625,43.659023
-116.977263,43.659235
-116.976635,43.659063
-116.976825,43.6591
-116.976802,43.65915
-116.976753,43.659087
-116.976318,43.659055
-116.975782,43.658933
-116.975487,43.658893
-116.975505,43.658935
-116.975237,43.658858
-116.974783,43.658778
-116.974383,43.658688
-116.974487,43.658737
-116.974965,43.65883
-116.974898,43.658818
-116.975442,43.658925
-116.975715,43.65898
-116.975653,43.659002
-116.976043,43.659057
-116.97595,43.659063
-116.975543,43.65899
-116.975647,43.659027
-116.976222,43.659105
-116.97623,43.659122
-116.976565,43.659188
-116.976668,43.659193
-116.976253,43.659137
-116.977207,43.659295
-116.976952,43.65924
-116.97641,43.659165
-116.976423,43.659183
-116.976715,43.659233
-116.977188,43.659303
-116.976668,43.659227
-116.976803,43.659255
-116.977382,43.659333
-116.977243,43.659315
-116.976618,43.65924
-116.977002,43.659292
-116.977463,43.659352
-116.977492,43.65936
-116.977528,43.659373
-116.977525,43.659367
-116.977462,43.659368
-116.978848,43.659557
-116.978823,43.659542
-116.979018,43.659632
-116.978823,43.659562
-116.97868,43.659405
-116.978837,43.659518
-116.978833,43.65954
-116.978833,43.659547
-116.978775,43.659488
-116.978872,43.65946
-116.978848,43.659448
-116.978933,43.659728
-116.97885,43.659635
-116.97884,43.659493
-116.978873,43.659447
-116.978812,43.659557
-116.9788,43.659562
-116.978878,43.659545
-116.978857,43.659563
-116.978875,43.659533
-116.978807,43.659553
-116.978745,43.65965
-116.978875,43.659558
-116.978845,43.659555
-116.978798,43.659655
-116.978813,43.659487
-116.978878,43.65954
-116.978837,43.65954
-116.978832,43.659545
-116.978855,43.659525
-116.978852,43.659577
-116.978848,43.659538
-116.97885,43.659447
-116.978855,43.659518
-116.97881,43.659585
-116.978797,43.65933
-116.97888,43.65957
-116.97883,43.65951
-116.978807,43.659573
-116.979003,43.659512
-116.978702,43.65984
-116.97874,43.659563
-116.97882,43.65968
-116.97876,43.659538
-116.978855,43.659505
-116.978927,43.659443
-116.978715,43.659708
-116.978663,43.659747
-116.978617,43.659753
-116.97881,43.65953
-116.978802,43.659472
-116.978787,43.659705
-116.978828,43.659475
-116.978808,43.659475
-116.978528,43.65942
-116.97859,43.659473
-116.978833,43.659208
-116.978773,43.659332
-116.97893,43.65916
-116.978542,43.659442
-116.97877,43.659397
-116.979247,43.659875
-116.979417,43.658482
-116.978218,43.660288
-116.978893,43.658898
-116.978635,43.658733
-116.976953,43.659605
-116.976665,43.662712
-116.97641,43.666498
-116.974175,43.66824
-116.973005,43.66889
-116.972715,43.669095
-116.972815,43.66866
-116.97286,43.66822
-116.972805,43.668113
-116.972807,43.668543
-116.972767,43.668162
-116.972952,43.668658
-116.972928,43.668577
-116.972823,43.668612
-116.973225,43.66856
-116.973103,43.668507
-116.972797,43.668585
-116.972795,43.668595
-116.973128,43.668475
-116.973082,43.668558
-116.972808,43.668687
-116.973167,43.668532
-116.972813,43.668628
-116.97292,43.668385
-116.973167,43.668735
-116.973113,43.668662
-116.973175,43.668548
-116.973033,43.66863
-116.97314,43.66859
-116.97315,43.668577
-116.973013,43.668652
-116.972982,43.668667
-116.973247,43.668767
-116.973153,43.668582
-116.972965,43.668703
-116.973058,43.668708
-116.973007,43.668685
-116.972992,43.668722
-116.973077,43.668597
-116.973063,43.668603
-116.973103,43.66869
-116.97311,43.668775
-116.973018,43.668623
-116.972945,43.66864
-116.972973,43.668643
-116.972742,43.668855
-116.972957,43.6687
-116.972978,43.668693
-116.97288,43.668767
-116.973017,43.66875
-116.972902,43.668802
-116.972878,43.668728
-116.972873,43.6687
-116.972827,43.6688
-116.972883,43.668797
-116.972905,43.668783
-116.972863,43.668798
-116.972917,43.668792
-116.973008,43.668832
-116.973032,43.668882
-116.972833,43.668807
-116.972932,43.668822
-116.972688,43.668868
-116.972832,43.66884
-116.97282,43.668795
-116.975412,43.667497
-116.975478,43.667893
-116.97541,43.667852
-116.97537,43.667897
-116.975422,43.667862
-116.975477,43.667845
-116.975347,43.667918
-116.975425,43.667915
-116.975163,43.667535
-116.97535,43.667787
-116.975387,43.667872
-116.975617,43.66779
-116.975262,43.667873
-116.975228,43.66791
-116.975365,43.66781
-116.975252,43.667812
-116.97532,43.667807
-116.975305,43.667857
-116.974847,43.668013
-116.974833,43.668005
-116.974813,43.668012
-116.974763,43.668028
-116.97483,43.668022
-116.974685,43.66807
-116.974643,43.668095
-116.974702,43.668053
-116.97473,43.668033
-116.974712,43.668055
-116.97465,43.668118
-116.974648,43.668097
-116.974583,43.66812
-116.974583,43.668142
-116.974608,43.668092
-116.974613,43.668062
-116.974492,43.668137
-116.974557,43.668125
-116.974425,43.668142
-116.974462,43.668137
-116.974495,43.668145
-116.975327,43.668052
-116.975413,43.668118
-116.975325,43.667932
-116.97547,43.667948
-116.975402,43.668082
-116.975402,43.66803
-116.97537,43.668058
-116.975557,43.6681
-116.97533,43.668072
-116.975288,43.668033
-116.97524,43.668073
-116.975452,43.668083
-116.975398,43.667705
-116.975112,43.668077
-116.975248,43.668237
-116.975423,43.668055
-116.975333,43.667803
-116.975332,43.668035
-116.975387,43.667818
-116.975292,43.667995
-116.975283,43.668103
-116.97528,43.667998
-116.975392,43.667902
-116.975422,43.668147
-116.975368,43.668135
-116.975347,43.667862
-116.975408,43.668135
-116.975373,43.66815
-116.975342,43.668048
-116.975253,43.667917
-116.975422,43.66798
-116.975317,43.668207
-116.976493,43.666852
-116.976452,43.666828
-116.97645,43.66682
-116.976477,43.666842
-116.976483,43.666842
-116.97649,43.666862
-116.956193,43.678198
-116.956215,43.67818
-116.956183,43.678155
-116.956257,43.678277
-116.956627,43.678438
-116.95629,43.678313
-116.956262,43.678267
-116.956538,43.678392
-116.956093,43.678128
-116.95612,43.678132
-116.956435,43.678463
-116.956175,43.678198
-116.956287,43.678218
-116.956318,43.678328
-116.95629,43.678172
-116.956235,43.678195
-116.95612,43.678153
-116.956387,43.678298
-116.956252,43.678205
-116.956115,43.678277
-116.956317,43.678228
-116.956005,43.678113
-116.956245,43.678268
-116.956228,43.67828
-116.955683,43.67891
-116.95509,43.678922
-116.955217,43.679215
-116.95497,43.679303
-116.955052,43.679058
-116.954578,43.679183
-116.955505,43.679562
-116.955188,43.678955
-116.955238,43.679188
-116.955192,43.679488
-116.955958,43.679298
-116.954763,43.678792
-116.956163,43.67969
-116.954518,43.678917
-116.955213,43.679127
-116.955143,43.67932
-116.95644,43.679473
-116.955333,43.679133
-116.954623,43.679238
-116.954583,43.678795
-116.955998,43.67962
-116.95517,43.679235
-116.955012,43.679657
-116.954952,43.679353
-116.955358,43.678802
-116.955267,43.679408
-116.955082,43.67911
-116.954855,43.679343
-116.95498,43.679122
-116.955005,43.679502
-116.955207,43.67891
-116.954553,43.679258
-116.956387,43.679613
-116.95471,43.679103
-116.955212,43.679053
-116.95528,43.679118
-116.95562,43.67871
-116.954623,43.679195
-116.955258,43.679297
-116.954673,43.679085
-116.954773,43.67928
-116.95462,43.67921
-116.955717,43.678635
-116.955498,43.679187
-116.954525,43.678953
-116.955362,43.67913
-116.954657,43.679512
-116.954962,43.679347
-116.95434,43.679
-116.953857,43.679393
-116.954228,43.679318
-116.954387,43.679218
-116.954418,43.679097
-116.954615,43.679368
-116.953347,43.678647
-116.954473,43.679508
-116.956517,43.67833
-116.95617,43.678272
-116.956133,43.678043
-116.956475,43.678397
-116.95612,43.678268
-116.956418,43.67852
-116.956178,43.678472
-116.955935,43.678467
-116.956245,43.678363
-116.955582,43.678225
-116.9557,43.678203
-116.956063,43.678457
-116.956185,43.67811
-116.956338,43.678387
-116.955723,43.678277
-116.955925,43.678177
-116.956662,43.678247
-116.956033,43.678307
-116.955208,43.679462
-116.955833,43.679685
-116.957108,43.679215
-116.954523,43.67899
-116.95431,43.6791
-116.954582,43.679258
-116.953958,43.67925
-116.956073,43.679202
-116.954617,43.67934
-116.953982,43.67901
-116.953807,43.678858
-116.954312,43.679153
-116.954527,43.679293
-116.95431,43.679103
-116.954163,43.679217
-116.954972,43.67958
-116.954713,43.679292
-116.955573,43.679208
-116.955278,43.679193
-116.956385,43.679972
-116.955053,43.679333
-116.955285,43.679203
-116.955533,43.679628
-116.95581,43.679488
-116.954875,43.679528
-116.955512,43.679305
-116.954368,43.679035
-116.95441,43.679398
-116.954143,43.678655
-116.955077,43.679563
-116.954567,43.679117
-116.954662,43.678998
-116.955247,43.679637
-116.954565,43.679635
-116.954927,43.679612
-116.95473,43.679165
-116.954335,43.679062
-116.954927,43.67679
-116.954648,43.679468
-116.954337,43.678965
-116.954742,43.679647
-116.955023,43.678918
-116.954388,43.67893
-116.954735,43.678745
-116.95489,43.67912
-116.954743,43.679885
-116.954637,43.679198
-116.954307,43.679413
-116.954898,43.67916
-116.955007,43.67904
-116.955265,43.67904
-116.954562,43.679013
-116.954633,43.679362
-116.954587,43.679848
-116.954493,43.680942
-116.955288,43.678585
-116.954517,43.67917
-116.954807,43.679678
-116.955007,43.67897
-116.95492,43.678965
-116.955303,43.679187
-116.955195,43.678578
-116.955228,43.679073
-116.955232,43.67818
-116.954918,43.679153
-116.954755,43.679117
-116.955018,43.679145
-116.9556,43.678705
-116.955518,43.67864
-116.954755,43.679423
-116.954377,43.679542
-116.955088,43.679518
-116.955173,43.679387
-116.954833,43.679498
-116.955027,43.679188
-116.954758,43.679815
-116.954975,43.679445
-116.954543,43.679355
-116.95568,43.678455
-116.954963,43.679348
-116.954727,43.679408
-116.954522,43.679565
-116.95477,43.679535
-116.954838,43.679632
-116.954965,43.679748
-116.955307,43.67903
-116.955125,43.678907
-116.955202,43.678693
-116.95517,43.678738
-116.95517,43.678577
-116.955213,43.67742
-116.955,43.678945
-116.956045,43.677857
-116.954417,43.67878
-116.95501,43.676845
-116.9547,43.679528
-116.95521,43.678898
-116.954563,43.679468
-116.955942,43.678192
-116.957498,43.676677
-116.95848,43.677293
-116.956735,43.678105
-116.956297,43.677965
-116.956652,43.677093
-116.95519,43.678383
-116.955705,43.678228
-116.955578,43.678567
-116.955992,43.678145
-116.957003,43.6779
-116.95513,43.678043
-116.954827,43.67829
-116.954152,43.678733
-116.954672,43.678218
-116.955722,43.678375
-116.95437,43.678355
-116.954867,43.678678
-116.953008,43.67754
-116.955133,43.678377
-116.954852,43.678703
-116.95478,43.678402
-116.955177,43.678763
-116.95529,43.678557
-116.955663,43.678482
-116.955012,43.678437
-116.955768,43.678968
-116.955538,43.678412
-116.953835,43.678968
-116.955423,43.67812
-116.954772,43.678462
-116.955167,43.678828
-116.9546,43.678733
-116.955088,43.678812
-116.95473,43.678442
-116.955157,43.678173
-116.954858,43.678415
-116.954265,43.678722
-116.954812,43.678262
-116.954663,43.678418
-116.956045,43.678353
-116.95462,43.678143
-116.954915,43.67905
-116.955203,43.678343
-116.954862,43.67854
-116.955645,43.678418
-116.954832,43.678238
-116.955003,43.67837
-116.954795,43.67825
-116.955512,43.678397
-116.955868,43.678957
-116.955488,43.678173
-116.954943,43.678403
-116.95527,43.678905
-116.954652,43.678947
-116.955202,43.678892
-116.95544,43.67905
-116.95507,43.67928
-116.955195,43.678623
-116.954938,43.678487
-116.954932,43.678852
-116.956222,43.678203
-116.956187,43.678193
-116.956273,43.678127
-116.956228,43.678363
-116.956278,43.678295
-116.956418,43.678178
-116.956152,43.67815
-116.956115,43.678468
-116.956175,43.678173
-116.956242,43.678203
-116.956298,43.678327
-116.956173,43.678138
-116.9563,43.678313
-116.956258,43.678363
-116.956357,43.678273
-116.956143,43.678595
-116.956178,43.678232
-116.95615,43.678407
-116.956232,43.678247
-116.95616,43.678347
-116.955375,43.67902
-116.954997,43.679537
-116.957197,43.678603
-116.957292,43.678862
-116.957357,43.678593
-116.960195,43.678988
-116.959212,43.67914
-116.958558,43.679118
-116.958872,43.679005
-116.9607,43.677265
-116.961638,43.678392
-116.965105,43.681103
-116.964427,43.681797
-116.964122,43.681072
-116.961348,43.678868
-116.960653,43.677857
-116.961777,43.677817
-116.962012,43.678938
-116.962977,43.679883
-116.961623,43.678662
-116.961067,43.676753
-116.961747,43.676078
-116.962883,43.678125
-116.963522,43.678218
-116.962983,43.677952
-116.961577,43.679017
-116.96119,43.677127
-116.96148,43.675845
-116.96515,43.674622
-116.966318,43.675432
-116.966572,43.674702
-116.966517,43.674552
-116.96679,43.6746
-116.966553,43.674522
-116.966632,43.674432
-116.966972,43.673933
-116.96464,43.672295
-116.963098,43.671705
-116.965043,43.671612
-116.966148,43.67228
-116.966972,43.673502
-116.966793,43.673347
-116.966747,43.673493
-116.967013,43.673753
-116.967073,43.673407
-116.966632,43.673582
-116.966907,43.673433
-116.967078,43.673202
-116.966977,43.673858
-116.967338,43.674667
-116.966993,43.674503
-116.967002,43.67454
-116.96679,43.674508
-116.96712,43.67458
-116.966853,43.67469
-116.966655,43.674973
-116.968083,43.674637
-116.968382,43.674957
-116.967553,43.674998
-116.965843,43.675098
-116.966178,43.67488
-116.966245,43.674813
-116.966267,43.67491
-116.966208,43.674915
-116.966122,43.67486
-116.96615,43.674982
-116.966535,43.674497
-116.966533,43.674535
-116.96651,43.674668
-116.967338,43.674723
-116.967377,43.673667
-116.968188,43.673543
-116.966905,43.674757
-116.966985,43.675718
-116.96709,43.674525
-116.9671,43.674465
-116.966927,43.674467
-116.966995,43.67449
-116.967037,43.674515
-116.967087,43.674535
-116.967158,43.674638
-116.967327,43.674562
-116.966833,43.67453
-116.967068,43.67456
-116.96705,43.674552
-116.966582,43.67309
-116.964818,43.67174
-116.962892,43.671408
-116.962303,43.671917
-116.964602,43.67236
-116.963223,43.672155
-116.965182,43.67543
-116.961475,43.677228
-116.963082,43.678278
-116.962342,43.679952
-116.962188,43.681967
-116.96289,43.682517
-116.962673,43.682523
-116.96281,43.682033
-116.962808,43.682302
-116.96259,43.68228
-116.962822,43.682675
-116.962615,43.682377
-116.962517,43.682543
-116.961905,43.681795
-116.962652,43.682298
-116.961927,43.681692
-116.96254,43.682185
-116.962503,43.682312
-116.962155,43.681515
-116.959378,43.680087
-116.959052,43.6796
-116.959743,43.680275
-116.959692,43.680128
-116.961495,43.680542
-116.960283,43.680432
-116.960185,43.680357
-116.960122,43.680408
-116.959843,43.680403
-116.959662,43.680443
-116.959925,43.680287
-116.959607,43.680447
-116.95959,43.680422
-116.959642,43.680417
-116.956095,43.677722
-116.956223,43.677583
-116.956067,43.677792
-116.956167,43.677947
-116.956152,43.677805
-116.956283,43.678233
-116.956283,43.678218
-116.956325,43.678278
-116.956085,43.67807
-116.956328,43.67909
-116.95603,43.678723
-116.956312,43.679102
-116.956182,43.678905
-116.956208,43.67875
-116.957768,43.678345
-116.962073,43.677203
-116.965515,43.674965
-116.968072,43.675145
-116.970002,43.674925
-116.973768,43.675427
-116.977422,43.674277
-116.980705,43.674573
-116.981823,43.676393
-116.983647,43.676493
-116.9839,43.67597
-116.983353,43.675792
-116.983643,43.676043
-116.983653,43.67603
-116.982302,43.676697
-116.980732,43.675742
-116.979522,43.675828
-116.978992,43.67529
-116.980435,43.674255
-116.980582,43.674292
-116.980597,43.674253
-116.981302,43.673802
-116.980652,43.674263
-116.980877,43.674322
-116.980582,43.674328
-116.980253,43.674183
-116.980468,43.674347
-116.980438,43.674297
-116.9805,43.674057
-116.980493,43.674287
-116.980595,43.674268
-116.980562,43.674448
-116.98029,43.674218
-116.980523,43.674283
-116.980585,43.673902
-116.979102,43.674713
-116.980238,43.67439
-116.980477,43.674313
-116.980452,43.674412
-116.979945,43.674222
-116.980435,43.67432
-116.980302,43.674282
-116.980182,43.674337
-116.980395,43.67435
-116.98054,43.674282
-116.98033,43.67438
-116.980277,43.67436
-116.980538,43.67451
-116.980238,43.674445
-116.980682,43.674305
-116.980402,43.674345
-116.980093,43.674338
-116.979837,43.674315
-116.979748,43.67416
-116.979325,43.674087
-116.97904,43.674083
-116.979202,43.67404
-116.978488,43.673845
-116.979432,43.673983
-116.978827,43.673723
-116.978445,43.67375
-116.977497,43.67327
-116.978273,43.673888
-116.978703,43.67384
-116.97882,43.673917
-116.978795,43.673897
-116.978175,43.673835
-116.978215,43.673775
-116.978138,43.673753
-116.978082,43.673787
-116.978292,43.673822
-116.978405,43.673692
-116.978438,43.673642
-116.9784,43.673758
-116.978392,43.673705
-116.978362,43.673725
-116.978462,43.673767
-116.978263,43.673708
-116.978622,43.673775
-116.97892,43.673902
-116.978995,43.673927
-116.978968,43.674057
-116.979147,43.673983
-116.979258,43.67403
-116.979058,43.673918
-116.9791,43.674057
-116.979285,43.674037
-116.979373,43.67402
-116.978892,43.67384
-116.97898,43.673772
-116.978508,43.673662
-116.978968,43.673893
-116.97907,43.67403
-116.979688,43.673977
-116.978187,43.6737
-116.978402,43.67361
-116.978133,43.673603
-116.978557,43.673658
-116.978158,43.673627
-116.981008,43.674325
-116.982095,43.67475
-116.981308,43.674268
-116.982132,43.674698
-116.982452,43.674828
-116.981802,43.674507
-116.98155,43.674325
-116.980722,43.674098
-116.979315,43.673478
-116.9783,43.6731
-116.974752,43.671757
-116.97431,43.671643
-116.974815,43.671858
-116.974682,43.671807
-116.974673,43.67178
-116.975517,43.67219
-116.975863,43.672323
-116.976008,43.67229
-116.976773,43.672642
-116.973597,43.671772
-116.975542,43.672225
-116.976735,43.672613
-116.97784,43.672982
-116.977902,43.673043
-116.97781,43.673035
-116.978005,43.673075
-116.978307,43.673205
-116.977932,43.673005
-116.978447,43.673157
-116.97835,43.67332
-116.978013,43.673188
-116.978343,43.673242
-116.978447,43.67327
-116.978692,43.673327
-116.978633,43.673252
-116.978747,43.673392
-116.978683,43.67334
-116.97861,43.673327
-116.978742,43.673367
-116.979095,43.673483
-116.978768,43.673468
-116.979107,43.673357
-116.979142,43.673493
-116.978895,43.673458
-116.979028,43.673487
-116.978625,43.673485
-116.97933,43.673587
-116.979173,43.673553
-116.979057,43.67349
-116.97938,43.673572
-116.97924,43.67362
-116.979202,43.673538
-116.979143,43.673568
-116.979687,43.67365
-116.980093,43.673728
-116.98044,43.673677
-116.979535,43.673627
-116.979257,43.673687
-116.979372,43.673603
-116.979562,43.673772
-116.979687,43.673682
-116.978608,43.673415
-116.97966,43.67355
-116.9796,43.673662
-116.979615,43.67383
-116.979505,43.673618
-116.980035,43.673675
-116.97926,43.6736
-116.979625,43.673555
-116.97942,43.673602
-116.979703,43.673682
-116.979595,43.673637
-116.979087,43.673487
