value,count,acres,year,county,Category,Crop_0_1
0,1598698,355541.8769,2005,Ada,NA,NA
1,52194,11607.66619,2005,Ada, Corn,1
21,46050,10241.27348,2005,Ada, Barley,1
24,1699,377.8485048,2005,Ada, Winter Wheat,1
36,424704,94451.89604,2005,Ada, Alfalfa,1
42,333,74.05741736,2005,Ada, Dry Beans,1
44,699,155.4538581,2005,Ada, Other Crops,1
59,3,0.66718394,2005,Ada, Sod/Grass Seed,1
61,14186,3154.890458,2005,Ada, Fallow/Idle Cropland,0
63,56714,12612.88999,2005,Ada, Forest,0
81,7869,1750.023475,2005,Ada,Clouds,0
83,6980,1552.314634,2005,Ada,Water,0
176,2440286,542706.5429,2005,Ada, Grass/Pasture,0
0,458032,101863.8648,2007,Ada,NA,NA
1,16997,3780.04181,2007,Ada, Corn,1
12,596,132.5472094,2007,Ada, Sweet Corn,1
21,364,80.9516514,2007,Ada, Barley,1
23,1235,274.6573887,2007,Ada, Spring Wheat,1
24,5274,1172.909367,2007,Ada, Winter Wheat,1
25,143,31.80243448,2007,Ada, Other Small Grains,1
27,3,0.66718394,2007,Ada, Rye,1
28,630,140.1086274,2007,Ada, Oats,1
36,29170,6487.251845,2007,Ada, Alfalfa,1
41,1572,349.6043846,2007,Ada, Sugarbeets,1
42,1610,358.0553812,2007,Ada, Dry Beans,1
43,666,148.1148347,2007,Ada, Potatoes,1
47,122,27.1321469,2007,Ada, Misc Vegs & Fruits,1
49,349,77.6157317,2007,Ada, Onions,1
53,283,62.93768502,2007,Ada, Peas,1
56,38,8.450996575,2007,Ada, Hops,1
57,1375,305.7926392,2007,Ada, Herbs,1
58,63,14.01086274,2007,Ada, Clover/Wildflowers,0
59,735,163.4600653,2007,Ada, Sod/Grass Seed,1
61,3174,705.8806087,2007,Ada, Fallow/Idle Cropland,0
63,101,22.46185932,2007,Ada, Forest,0
67,16,3.558314347,2007,Ada, Peaches,1
68,126,28.02172549,2007,Ada, Apples,1
69,6,1.33436788,2007,Ada, Grapes,1
71,18,4.003103641,2007,Ada, Other Tree Crops,1
72,14,3.113525054,2007,Ada, Citrus,1
111,5418,1204.934196,2007,Ada, Open Water,0
121,86400,19214.89748,2007,Ada, Developed/Open Space,0
122,37251,8284.422985,2007,Ada, Developed/Low Intensity,0
123,7794,1733.343876,2007,Ada, Developed/Medium Intensity,0
124,889,197.7088409,2007,Ada, Developed/High Intensity,0
131,47,10.4525484,2007,Ada, Barren,0
141,17,3.780708994,2007,Ada, Deciduous Forest,0
142,7925,1762.477575,2007,Ada, Evergreen Forest,0
152,208062,46271.87498,2007,Ada, Shrubland,0
176,456864,101604.1079,2007,Ada, Grass/Pasture,0
190,316,70.27670836,2007,Ada, Woody Wetlands,0
195,139,30.91285589,2007,Ada, Herbaceous Wetlands,0
0,1598698,355541.8769,2008,Ada,NA,NA
1,40893,9094.384288,2008,Ada, Corn,1
4,37,8.228601928,2008,Ada, Sorghum,1
6,1,0.222394647,2008,Ada, Sunflowers,1
12,4152,923.3825732,2008,Ada, Sweet Corn,1
14,1,0.222394647,2008,Ada, Mint,1
21,1380,306.9046125,2008,Ada, Barley,1
23,12331,2742.348389,2008,Ada, Spring Wheat,1
24,50980,11337.67909,2008,Ada, Winter Wheat,1
27,2,0.444789293,2008,Ada, Rye,1
28,2419,537.9726504,2008,Ada, Oats,1
31,7,1.556762527,2008,Ada, Canola,1
36,119070,26480.53058,2008,Ada, Alfalfa,1
37,9559,2125.870428,2008,Ada, Other Hay/Non Alfalfa,1
41,5773,1283.884295,2008,Ada, Sugarbeets,1
42,7942,1766.258284,2008,Ada, Dry Beans,1
43,810,180.1396638,2008,Ada, Potatoes,1
44,24,5.337471521,2008,Ada, Other Crops,1
49,1749,388.9682371,2008,Ada, Onions,1
52,27,6.004655461,2008,Ada, Lentils,1
53,1154,256.6434223,2008,Ada, Peas,1
54,4,0.889578587,2008,Ada,Tomatoes,1
56,157,34.91595953,2008,Ada, Hops,1
57,4768,1060.377676,2008,Ada, Herbs,1
58,37,8.228601928,2008,Ada, Clover/Wildflowers,0
59,6274,1395.304013,2008,Ada, Sod/Grass Seed,1
61,43510,9676.391079,2008,Ada, Fallow/Idle Cropland,0
66,252,56.04345097,2008,Ada,Cherries,1
67,240,53.37471521,2008,Ada, Peaches,1
68,848,188.5906604,2008,Ada, Apples,1
69,77,17.1243878,2008,Ada, Grapes,1
71,5,1.111973234,2008,Ada, Other Tree Crops,1
77,36,8.006207282,2008,Ada, Pears,1
111,15604,3470.246067,2008,Ada, Open Water,0
121,202270,44983.76519,2008,Ada, Developed/Open Space,0
122,141762,31527.10991,2008,Ada, Developed/Low Intensity,0
123,38824,8634.249764,2008,Ada, Developed/Medium Intensity,0
124,4547,1011.228459,2008,Ada, Developed/High Intensity,0
131,206,45.81329722,2008,Ada, Barren,0
141,399,88.73546404,2008,Ada, Deciduous Forest,0
142,25967,5774.921791,2008,Ada, Evergreen Forest,0
143,13,2.891130407,2008,Ada, Mixed Forest,0
152,724046,161023.9544,2008,Ada, Shrubland,0
176,1581282,351668.6517,2008,Ada, Grass/Pasture,0
190,153,34.02638095,2008,Ada, Woody Wetlands,0
195,73,16.23480921,2008,Ada, Herbaceous Wetlands,0
205,1637,364.0600367,2008,Ada, Triticale,1
206,157,34.91595953,2008,Ada, Carrots,1
218,17,3.780708994,2008,Ada, Nectarines,1
219,107,23.7962272,2008,Ada, Greens,1
220,17,3.780708994,2008,Ada, Plums,1
229,15,3.335919701,2008,Ada,Pumpkin,1
246,1,0.222394647,2008,Ada, Radishes,1
247,101,22.46185932,2008,Ada, Turnips,1
0,1598698,355541.8769,2009,Ada,NA,NA
1,50564,11245.16292,2009,Ada, Corn,1
4,102,22.68425396,2009,Ada, Sorghum,1
6,4,0.889578587,2009,Ada, Sunflowers,1
12,2469,549.0923827,2009,Ada, Sweet Corn,1
14,5,1.111973234,2009,Ada, Mint,1
21,1998,444.3445041,2009,Ada, Barley,1
23,7674,1706.656519,2009,Ada, Spring Wheat,1
24,34664,7709.088034,2009,Ada, Winter Wheat,1
25,127,28.24412013,2009,Ada, Other Small Grains,1
27,16,3.558314347,2009,Ada, Rye,1
28,3240,720.5586554,2009,Ada, Oats,1
31,1,0.222394647,2009,Ada, Canola,1
33,906,201.4895499,2009,Ada,Safflower,1
36,135345,30100.00346,2009,Ada, Alfalfa,1
37,9357,2080.946709,2009,Ada, Other Hay/Non Alfalfa,1
41,7280,1619.033028,2009,Ada, Sugarbeets,1
42,12078,2686.082543,2009,Ada, Dry Beans,1
43,3714,825.9737179,2009,Ada, Potatoes,1
44,15,3.335919701,2009,Ada, Other Crops,1
47,4,0.889578587,2009,Ada, Misc Vegs & Fruits,1
49,1041,231.5128272,2009,Ada, Onions,1
53,3951,878.6812492,2009,Ada, Peas,1
56,102,22.68425396,2009,Ada, Hops,1
57,6424,1428.66321,2009,Ada, Herbs,1
58,107,23.7962272,2009,Ada, Clover/Wildflowers,0
59,5212,1159.120899,2009,Ada, Sod/Grass Seed,1
61,60698,13498.91027,2009,Ada, Fallow/Idle Cropland,0
66,54,12.00931092,2009,Ada,Cherries,1
67,15,3.335919701,2009,Ada, Peaches,1
68,113,25.13059508,2009,Ada, Apples,1
69,14,3.113525054,2009,Ada, Grapes,1
77,94,20.90509679,2009,Ada, Pears,1
111,15805,3514.947391,2009,Ada, Open Water,0
121,203628,45285.77712,2009,Ada, Developed/Open Space,0
122,141684,31509.76312,2009,Ada, Developed/Low Intensity,0
123,40115,8921.361253,2009,Ada, Developed/Medium Intensity,0
124,4837,1075.722906,2009,Ada, Developed/High Intensity,0
131,322,71.61107624,2009,Ada, Barren,0
141,1,0.222394647,2009,Ada, Deciduous Forest,0
142,24883,5533.845994,2009,Ada, Evergreen Forest,0
152,705197,156832.0377,2009,Ada, Shrubland,0
176,1564086,347844.3534,2009,Ada, Grass/Pasture,0
190,1091,242.6325596,2009,Ada, Woody Wetlands,0
195,381,84.7323604,2009,Ada, Herbaceous Wetlands,0
205,2129,473.4782029,2009,Ada, Triticale,1
206,41,9.118180515,2009,Ada, Carrots,1
207,2,0.444789293,2009,Ada,Asparagus,1
218,3,0.66718394,2009,Ada, Nectarines,1
227,2,0.444789293,2009,Ada, Lettuce,1
229,14,3.113525054,2009,Ada,Pumpkin,1
246,37,8.228601928,2009,Ada, Radishes,1
247,71,15.79001992,2009,Ada, Turnips,1
0,1598698,355541.8769,2010,Ada,NA,NA
1,49647,11041.22703,2010,Ada, Corn,1
4,105,23.3514379,2010,Ada, Sorghum,1
6,25,5.559866168,2010,Ada, Sunflowers,1
12,1613,358.7225651,2010,Ada, Sweet Corn,1
21,2333,518.8467108,2010,Ada, Barley,1
23,9924,2207.044474,2010,Ada, Spring Wheat,1
24,33161,7374.82888,2010,Ada, Winter Wheat,1
28,1961,436.1159022,2010,Ada, Oats,1
33,3,0.66718394,2010,Ada,Safflower,1
36,107808,23975.92207,2010,Ada, Alfalfa,1
37,4564,1015.009168,2010,Ada, Other Hay/Non Alfalfa,1
41,8752,1946.397948,2010,Ada, Sugarbeets,1
42,9673,2151.223418,2010,Ada, Dry Beans,1
43,2325,517.0675536,2010,Ada, Potatoes,1
44,49,10.89733769,2010,Ada, Other Crops,1
49,2176,483.9307512,2010,Ada, Onions,1
52,1,0.222394647,2010,Ada, Lentils,1
53,1054,234.4039576,2010,Ada, Peas,1
56,61,13.56607345,2010,Ada, Hops,1
57,6578,1462.911986,2010,Ada, Herbs,1
58,371,82.50841393,2010,Ada, Clover/Wildflowers,0
59,577,128.3217112,2010,Ada, Sod/Grass Seed,1
61,21571,4797.274924,2010,Ada, Fallow/Idle Cropland,0
63,128,28.46651478,2010,Ada, Forest,0
66,76,16.90199315,2010,Ada,Cherries,1
67,65,14.45565204,2010,Ada, Peaches,1
68,223,49.59400622,2010,Ada, Apples,1
69,165,36.69511671,2010,Ada, Grapes,1
71,4,0.889578587,2010,Ada, Other Tree Crops,1
111,16036,3566.320555,2010,Ada, Open Water,0
121,200698,44634.16081,2010,Ada, Developed/Open Space,0
122,126592,28153.38312,2010,Ada, Developed/Low Intensity,0
123,30322,6743.450478,2010,Ada, Developed/Medium Intensity,0
124,2926,650.7267363,2010,Ada, Developed/High Intensity,0
131,318,70.72149765,2010,Ada, Barren,0
141,78,17.34678244,2010,Ada, Deciduous Forest,0
142,25606,5694.637324,2010,Ada, Evergreen Forest,0
152,767719,170736.5958,2010,Ada, Shrubland,0
176,1611107,358301.5721,2010,Ada, Grass/Pasture,0
190,1977,439.6742166,2010,Ada, Woody Wetlands,0
195,719,159.901751,2010,Ada, Herbaceous Wetlands,0
205,2292,509.7285303,2010,Ada, Triticale,1
206,185,41.14300964,2010,Ada, Carrots,1
216,2,0.444789293,2010,Ada, Peppers,1
218,1,0.222394647,2010,Ada, Nectarines,1
219,87,19.34833426,2010,Ada, Greens,1
220,4,0.889578587,2010,Ada, Plums,1
223,1,0.222394647,2010,Ada,Apricots,1
227,2,0.444789293,2010,Ada, Lettuce,1
229,24,5.337471521,2010,Ada,Pumpkin,1
246,9,2.00155182,2010,Ada, Radishes,1
247,18,4.003103641,2010,Ada, Turnips,1
250,1,0.222394647,2010,Ada,Cranberries,1
0,1598698,355541.8769,2011,Ada,NA,NA
1,62560,13913.0091,2011,Ada, Corn,1
4,6,1.33436788,2011,Ada, Sorghum,1
5,53,11.78691628,2011,Ada,Soybeans,1
12,1323,294.2281176,2011,Ada, Sweet Corn,1
14,1,0.222394647,2011,Ada, Mint,1
21,4451,989.8785725,2011,Ada, Barley,1
23,12827,2852.656133,2011,Ada, Spring Wheat,1
24,42574,9468.229689,2011,Ada, Winter Wheat,1
27,8,1.779157174,2011,Ada, Rye,1
28,1951,433.8919557,2011,Ada, Oats,1
36,72933,16219.90877,2011,Ada, Alfalfa,1
37,1188,264.2048403,2011,Ada, Other Hay/Non Alfalfa,1
38,4,0.889578587,2011,Ada,Camelina,1
41,8775,1951.513025,2011,Ada, Sugarbeets,1
42,6489,1443.118863,2011,Ada, Dry Beans,1
43,3652,812.1852498,2011,Ada, Potatoes,1
44,86,19.12593962,2011,Ada, Other Crops,1
48,14,3.113525054,2011,Ada,Watermelon,1
49,2910,647.1684219,2011,Ada, Onions,1
53,566,125.87537,2011,Ada, Peas,1
56,58,12.89888951,2011,Ada, Hops,1
57,8448,1878.789975,2011,Ada, Herbs,1
58,124,27.57693619,2011,Ada, Clover/Wildflowers,0
59,127,28.24412013,2011,Ada, Sod/Grass Seed,1
61,70813,15748.43212,2011,Ada, Fallow/Idle Cropland,0
66,181,40.25343106,2011,Ada,Cherries,1
67,594,132.1024201,2011,Ada, Peaches,1
68,944,209.9405465,2011,Ada, Apples,1
69,443,98.52082849,2011,Ada, Grapes,1
71,36,8.006207282,2011,Ada, Other Tree Crops,1
111,17237,3833.416525,2011,Ada, Open Water,0
121,211243,46979.31236,2011,Ada, Developed/Open Space,0
122,144726,32186.28764,2011,Ada, Developed/Low Intensity,0
123,36452,8106.729662,2011,Ada, Developed/Medium Intensity,0
124,4511,1003.222251,2011,Ada, Developed/High Intensity,0
131,795,176.8037441,2011,Ada, Barren,0
141,19,4.225498288,2011,Ada, Deciduous Forest,0
142,25436,5656.830234,2011,Ada, Evergreen Forest,0
152,2111024,469480.4367,2011,Ada, Shrubland,0
176,186506,41477.93598,2011,Ada, Grass/Pasture,0
190,1676,372.7334279,2011,Ada, Woody Wetlands,0
195,1184,263.3152617,2011,Ada, Herbaceous Wetlands,0
205,6388,1420.657003,2011,Ada, Triticale,1
206,247,54.93147774,2011,Ada, Carrots,1
207,1,0.222394647,2011,Ada,Asparagus,1
210,2,0.444789293,2011,Ada,Prunes,1
218,3,0.66718394,2011,Ada, Nectarines,1
219,63,14.01086274,2011,Ada, Greens,1
220,3,0.66718394,2011,Ada, Plums,1
225,9,2.00155182,2011,Ada, Dbl Crop WinWht/Corn,1
227,5,1.111973234,2011,Ada, Lettuce,1
229,12,2.668735761,2011,Ada,Pumpkin,1
236,8,1.779157174,2011,Ada,Dbl Crop WinWht/Sorgum,1
246,14,3.113525054,2011,Ada, Radishes,1
247,14,3.113525054,2011,Ada, Turnips,1
0,1598698,355541.8769,2012,Ada,NA,NA
1,66214,14725.63914,2012,Ada, Corn,1
4,12,2.668735761,2012,Ada, Sorghum,1
5,41,9.118180515,2012,Ada,Soybeans,1
12,1696,377.1813208,2012,Ada, Sweet Corn,1
13,17,3.780708994,2012,Ada, Pop or Orn Corn,1
21,5424,1206.268564,2012,Ada, Barley,1
23,6311,1403.532615,2012,Ada, Spring Wheat,1
24,47437,10549.73486,2012,Ada, Winter Wheat,1
27,9,2.00155182,2012,Ada, Rye,1
28,795,176.8037441,2012,Ada, Oats,1
32,1,0.222394647,2012,Ada, Flaxseed,1
36,91263,20296.40264,2012,Ada, Alfalfa,1
37,2719,604.6910444,2012,Ada, Other Hay/Non Alfalfa,1
41,11466,2549.977019,2012,Ada, Sugarbeets,1
42,8283,1842.094859,2012,Ada, Dry Beans,1
43,1833,407.6493874,2012,Ada, Potatoes,1
44,180,40.03103641,2012,Ada, Other Crops,1
49,1938,431.0008253,2012,Ada, Onions,1
53,824,183.2531889,2012,Ada, Peas,1
56,48,10.67494304,2012,Ada, Hops,1
57,10729,2386.072165,2012,Ada, Herbs,1
58,88,19.57072891,2012,Ada, Clover/Wildflowers,0
59,1523,338.7070469,2012,Ada, Sod/Grass Seed,1
61,72618,16149.85446,2012,Ada, Fallow/Idle Cropland,0
66,44,9.785364455,2012,Ada,Cherries,1
67,18,4.003103641,2012,Ada, Peaches,1
68,122,27.1321469,2012,Ada, Apples,1
69,79,17.56917709,2012,Ada, Grapes,1
77,2,0.444789293,2012,Ada, Pears,1
111,17769,3951.730477,2012,Ada, Open Water,0
121,206215,45861.11207,2012,Ada, Developed/Open Space,0
122,144832,32209.86147,2012,Ada, Developed/Low Intensity,0
123,37937,8436.985712,2012,Ada, Developed/Medium Intensity,0
124,4252,945.6220378,2012,Ada, Developed/High Intensity,0
131,1193,265.3168135,2012,Ada, Barren,0
141,3,0.66718394,2012,Ada, Deciduous Forest,0
142,25666,5707.981003,2012,Ada, Evergreen Forest,0
152,1963330,436634.0817,2012,Ada, Shrubland,0
176,309018,68723.94894,2012,Ada, Grass/Pasture,0
190,2347,521.9602358,2012,Ada, Woody Wetlands,0
195,1789,397.864023,2012,Ada, Herbaceous Wetlands,0
205,4247,944.5100646,2012,Ada, Triticale,1
206,1141,253.7522919,2012,Ada, Carrots,1
216,1,0.222394647,2012,Ada, Peppers,1
218,5,1.111973234,2012,Ada, Nectarines,1
220,79,17.56917709,2012,Ada, Plums,1
223,20,4.447892934,2012,Ada,Apricots,1
225,3,0.66718394,2012,Ada, Dbl Crop WinWht/Corn,1
227,2,0.444789293,2012,Ada, Lettuce,1
229,2,0.444789293,2012,Ada,Pumpkin,1
246,18,4.003103641,2012,Ada, Radishes,1
247,114,25.35298973,2012,Ada, Turnips,1
0,1598698,355541.8769,2013,Ada,NA,NA
1,65651,14600.43095,2013,Ada, Corn,1
4,322,71.61107624,2013,Ada, Sorghum,1
12,1325,294.6729069,2013,Ada, Sweet Corn,1
13,23,5.115076874,2013,Ada, Pop or Orn Corn,1
21,6829,1518.733042,2013,Ada, Barley,1
23,4240,942.9533021,2013,Ada, Spring Wheat,1
24,39761,8842.633548,2013,Ada, Winter Wheat,1
27,147,32.69201307,2013,Ada, Rye,1
28,629,139.8862328,2013,Ada, Oats,1
35,140,31.13525054,2013,Ada, Mustard,1
36,76494,17011.85611,2013,Ada, Alfalfa,1
37,3315,737.2382539,2013,Ada, Other Hay/Non Alfalfa,1
38,212,47.1476651,2013,Ada,Camelina,1
41,9311,2070.716556,2013,Ada, Sugarbeets,1
42,5844,1299.674315,2013,Ada, Dry Beans,1
43,2922,649.8371577,2013,Ada, Potatoes,1
44,566,125.87537,2013,Ada, Other Crops,1
47,5,1.111973234,2013,Ada, Misc Vegs & Fruits,1
49,3016,670.7422545,2013,Ada, Onions,1
53,526,116.9795842,2013,Ada, Peas,1
56,115,25.57538437,2013,Ada, Hops,1
57,6133,1363.946368,2013,Ada, Herbs,1
58,25,5.559866168,2013,Ada, Clover/Wildflowers,0
59,700,155.6762527,2013,Ada, Sod/Grass Seed,1
61,40611,9031.668998,2013,Ada, Fallow/Idle Cropland,0
66,112,24.90820043,2013,Ada,Cherries,1
67,168,37.36230065,2013,Ada, Peaches,1
68,251,55.82105633,2013,Ada, Apples,1
69,140,31.13525054,2013,Ada, Grapes,1
77,23,5.115076874,2013,Ada, Pears,1
111,16792,3734.450908,2013,Ada, Open Water,0
121,201086,44720.44993,2013,Ada, Developed/Open Space,0
122,145514,32361.53462,2013,Ada, Developed/Low Intensity,0
123,37120,8255.289286,2013,Ada, Developed/Medium Intensity,0
124,4692,1043.475682,2013,Ada, Developed/High Intensity,0
131,144,32.02482913,2013,Ada, Barren,0
141,42,9.340575162,2013,Ada, Deciduous Forest,0
142,25211,5606.791438,2013,Ada, Evergreen Forest,0
143,1,0.222394647,2013,Ada, Mixed Forest,0
152,779024,173250.7673,2013,Ada, Shrubland,0
176,1568285,348778.1885,2013,Ada, Grass/Pasture,0
190,2293,509.9509249,2013,Ada, Woody Wetlands,0
195,719,159.901751,2013,Ada, Herbaceous Wetlands,0
205,1022,227.2873289,2013,Ada, Triticale,1
206,85,18.90354497,2013,Ada, Carrots,1
216,9,2.00155182,2013,Ada, Peppers,1
218,9,2.00155182,2013,Ada, Nectarines,1
219,1,0.222394647,2013,Ada, Greens,1
220,24,5.337471521,2013,Ada, Plums,1
223,10,2.223946467,2013,Ada,Apricots,1
227,3,0.66718394,2013,Ada, Lettuce,1
229,10,2.223946467,2013,Ada,Pumpkin,1
243,1,0.222394647,2013,Ada,Cabbage,1
246,53,11.78691628,2013,Ada, Radishes,1
247,11,2.446341114,2013,Ada, Turnips,1
0,1598698,355541.8769,2014,Ada,NA,NA
1,52433,11660.81851,2014,Ada, Corn,1
4,18,4.003103641,2014,Ada, Sorghum,1
6,1,0.222394647,2014,Ada, Sunflowers,1
12,2685,597.1296264,2014,Ada, Sweet Corn,1
13,80,17.79157174,2014,Ada, Pop or Orn Corn,1
21,6864,1526.516855,2014,Ada, Barley,1
23,4736,1053.261047,2014,Ada, Spring Wheat,1
24,31400,6983.191907,2014,Ada, Winter Wheat,1
27,30,6.671839401,2014,Ada, Rye,1
28,1487,330.7008397,2014,Ada, Oats,1
36,81530,18131.83555,2014,Ada, Alfalfa,1
37,4740,1054.150625,2014,Ada, Other Hay/Non Alfalfa,1
38,39,8.673391222,2014,Ada,Camelina,1
41,10696,2378.733141,2014,Ada, Sugarbeets,1
42,8121,1806.066926,2014,Ada, Dry Beans,1
43,1223,271.9886529,2014,Ada, Potatoes,1
44,81,18.01396638,2014,Ada, Other Crops,1
49,1569,348.9372007,2014,Ada, Onions,1
53,1053,234.181563,2014,Ada, Peas,1
56,220,48.92682228,2014,Ada, Hops,1
57,5791,1287.887399,2014,Ada, Herbs,1
58,49,10.89733769,2014,Ada, Clover/Wildflowers,0
59,1429,317.8019502,2014,Ada, Sod/Grass Seed,1
61,16171,3596.343832,2014,Ada, Fallow/Idle Cropland,0
66,51,11.34212698,2014,Ada,Cherries,1
67,33,7.339023342,2014,Ada, Peaches,1
68,378,84.06517646,2014,Ada, Apples,1
69,207,46.03569187,2014,Ada, Grapes,1
77,6,1.33436788,2014,Ada, Pears,1
111,16828,3742.457115,2014,Ada, Open Water,0
121,195817,43548.65254,2014,Ada, Developed/Open Space,0
122,144755,32192.73709,2014,Ada, Developed/Low Intensity,0
123,51468,11446.20768,2014,Ada, Developed/Medium Intensity,0
124,7442,1655.060961,2014,Ada, Developed/High Intensity,0
131,183,40.69822035,2014,Ada, Barren,0
141,25,5.559866168,2014,Ada, Deciduous Forest,0
142,16984,3777.15068,2014,Ada, Evergreen Forest,0
152,725452,161336.6412,2014,Ada, Shrubland,0
176,1652970,367611.6792,2014,Ada, Grass/Pasture,0
190,1235,274.6573887,2014,Ada, Woody Wetlands,0
195,985,219.058727,2014,Ada, Herbaceous Wetlands,0
205,3496,777.4916849,2014,Ada, Triticale,1
206,649,144.3341257,2014,Ada, Carrots,1
207,3,0.66718394,2014,Ada,Asparagus,1
216,19,4.225498288,2014,Ada, Peppers,1
219,7,1.556762527,2014,Ada, Greens,1
220,23,5.115076874,2014,Ada, Plums,1
223,40,8.895785869,2014,Ada,Apricots,1
225,48,10.67494304,2014,Ada, Dbl Crop WinWht/Corn,1
227,5,1.111973234,2014,Ada, Lettuce,1
229,21,4.670287581,2014,Ada,Pumpkin,1
237,3,0.66718394,2014,Ada,Dbl Crop Barley/Corn,1
246,13,2.891130407,2014,Ada, Radishes,1
247,125,27.79933084,2014,Ada, Turnips,1
0,1598698,355541.8769,2015,Ada,NA,NA
1,57074,12692.95207,2015,Ada, Corn,1
4,79,17.56917709,2015,Ada, Sorghum,1
12,2962,658.7329436,2015,Ada, Sweet Corn,1
21,5534,1230.731975,2015,Ada, Barley,1
23,8092,1799.617481,2015,Ada, Spring Wheat,1
24,29196,6493.034105,2015,Ada, Winter Wheat,1
27,5,1.111973234,2015,Ada, Rye,1
28,935,207.9389947,2015,Ada, Oats,1
29,1,0.222394647,2015,Ada,Millet,1
36,95855,21317.63886,2015,Ada, Alfalfa,1
37,4487,997.8847798,2015,Ada, Other Hay/Non Alfalfa,1
38,907,201.7119446,2015,Ada,Camelina,1
41,11360,2526.403187,2015,Ada, Sugarbeets,1
42,5462,1214.71956,2015,Ada, Dry Beans,1
43,654,145.446099,2015,Ada, Potatoes,1
44,362,80.50686211,2015,Ada, Other Crops,1
47,812,180.5844531,2015,Ada, Misc Vegs & Fruits,1
49,1845,410.3181232,2015,Ada, Onions,1
53,1010,224.6185932,2015,Ada, Peas,1
56,58,12.89888951,2015,Ada, Hops,1
57,5621,1250.080309,2015,Ada, Herbs,1
58,37,8.228601928,2015,Ada, Clover/Wildflowers,0
59,2219,493.4937211,2015,Ada, Sod/Grass Seed,1
61,38649,8595.330701,2015,Ada, Fallow/Idle Cropland,0
66,32,7.116628695,2015,Ada,Cherries,1
67,23,5.115076874,2015,Ada, Peaches,1
68,60,13.3436788,2015,Ada, Apples,1
69,23,5.115076874,2015,Ada, Grapes,1
77,2,0.444789293,2015,Ada, Pears,1
111,17975,3997.543775,2015,Ada, Open Water,0
112,1,0.222394647,2015,Ada, Perennial Ice/Snow,0
121,194801,43322.69957,2015,Ada, Developed/Open Space,0
122,141737,31521.55004,2015,Ada, Developed/Low Intensity,0
123,54737,12173.21578,2015,Ada, Developed/Medium Intensity,0
124,7664,1704.432572,2015,Ada, Developed/High Intensity,0
131,169,37.58469529,2015,Ada, Barren,0
141,57,12.67649486,2015,Ada, Deciduous Forest,0
142,17181,3820.962425,2015,Ada, Evergreen Forest,0
152,953028,211948.3254,2015,Ada, Shrubland,0
176,1385552,308139.3475,2015,Ada, Grass/Pasture,0
190,987,219.5035163,2015,Ada, Woody Wetlands,0
195,852,189.480239,2015,Ada, Herbaceous Wetlands,0
205,2727,606.4702016,2015,Ada, Triticale,1
206,658,146.3356775,2015,Ada, Carrots,1
216,7,1.556762527,2015,Ada, Peppers,1
219,79,17.56917709,2015,Ada, Greens,1
220,4,0.889578587,2015,Ada, Plums,1
227,11,2.446341114,2015,Ada, Lettuce,1
229,92,20.4603075,2015,Ada,Pumpkin,1
246,7,1.556762527,2015,Ada, Radishes,1
247,35,7.783812635,2015,Ada, Turnips,1
0,1598698,355541.8769,2016,Ada,NA,NA
1,75298,16745.87211,2016,Ada, Corn,1
4,118,26.24256831,2016,Ada, Sorghum,1
6,6,1.33436788,2016,Ada, Sunflowers,1
12,1430,318.0243448,2016,Ada, Sweet Corn,1
13,2,0.444789293,2016,Ada, Pop or Orn Corn,1
21,3441,765.2599793,2016,Ada, Barley,1
23,6722,1494.936815,2016,Ada, Spring Wheat,1
24,35661,7930.815496,2016,Ada, Winter Wheat,1
27,2,0.444789293,2016,Ada, Rye,1
28,137,30.4680666,2016,Ada, Oats,1
29,1,0.222394647,2016,Ada,Millet,1
36,90423,20109.59114,2016,Ada, Alfalfa,1
37,2832,629.8216395,2016,Ada, Other Hay/Non Alfalfa,1
41,9140,2032.687071,2016,Ada, Sugarbeets,1
42,7019,1560.988025,2016,Ada, Dry Beans,1
43,1945,432.5575879,2016,Ada, Potatoes,1
44,223,49.59400622,2016,Ada, Other Crops,1
47,1,0.222394647,2016,Ada, Misc Vegs & Fruits,1
49,2515,559.3225365,2016,Ada, Onions,1
53,953,211.9420983,2016,Ada, Peas,1
56,73,16.23480921,2016,Ada, Hops,1
57,6279,1396.415987,2016,Ada, Herbs,1
58,60,13.3436788,2016,Ada, Clover/Wildflowers,0
59,839,186.5891086,2016,Ada, Sod/Grass Seed,1
61,42820,9522.938772,2016,Ada, Fallow/Idle Cropland,0
66,24,5.337471521,2016,Ada,Cherries,1
67,13,2.891130407,2016,Ada, Peaches,1
68,368,81.84122999,2016,Ada, Apples,1
69,180,40.03103641,2016,Ada, Grapes,1
111,17843,3968.187681,2016,Ada, Open Water,0
121,195600,43500.3929,2016,Ada, Developed/Open Space,0
122,143221,31851.5837,2016,Ada, Developed/Low Intensity,0
123,52835,11750.22116,2016,Ada, Developed/Medium Intensity,0
124,7163,1593.012854,2016,Ada, Developed/High Intensity,0
131,502,111.6421127,2016,Ada, Barren,0
141,66,14.67804668,2016,Ada, Deciduous Forest,0
142,15725,3497.15582,2016,Ada, Evergreen Forest,0
152,938123,208633.5332,2016,Ada, Shrubland,0
176,1383042,307581.137,2016,Ada, Grass/Pasture,0
190,1461,324.9185788,2016,Ada, Woody Wetlands,0
195,984,218.8363324,2016,Ada, Herbaceous Wetlands,0
205,4677,1040.139763,2016,Ada, Triticale,1
206,684,152.1179384,2016,Ada, Carrots,1
216,92,20.4603075,2016,Ada, Peppers,1
219,36,8.006207282,2016,Ada, Greens,1
220,25,5.559866168,2016,Ada, Plums,1
225,76,16.90199315,2016,Ada, Dbl Crop WinWht/Corn,1
227,1,0.222394647,2016,Ada, Lettuce,1
246,1000,222.3946467,2016,Ada, Radishes,1
247,36,8.006207282,2016,Ada, Turnips,1
0,1598698,355541.8769,2017,Ada,NA,NA
1,63365,14092.03679,2017,Ada, Corn,1
4,6,1.33436788,2017,Ada, Sorghum,1
6,134,29.80088266,2017,Ada, Sunflowers,1
13,7,1.556762527,2017,Ada, Pop or Orn Corn,1
14,12,2.668735761,2017,Ada, Mint,1
21,1762,391.8593675,2017,Ada, Barley,1
23,5824,1295.226422,2017,Ada, Spring Wheat,1
24,26539,5902.131529,2017,Ada, Winter Wheat,1
28,1488,330.9232343,2017,Ada, Oats,1
32,1,0.222394647,2017,Ada, Flaxseed,1
35,36,8.006207282,2017,Ada, Mustard,1
36,91921,20442.73832,2017,Ada, Alfalfa,1
37,3976,884.2411153,2017,Ada, Other Hay/Non Alfalfa,1
41,10113,2249.077062,2017,Ada, Sugarbeets,1
42,7200,1601.241456,2017,Ada, Dry Beans,1
43,1435,319.136318,2017,Ada, Potatoes,1
44,390,86.73391222,2017,Ada, Other Crops,1
46,1,0.222394647,2017,Ada, Sweet Potatoes,1
49,1135,252.417924,2017,Ada, Onions,1
53,1194,265.5392082,2017,Ada, Peas,1
56,34,7.561417988,2017,Ada, Hops,1
57,7856,1747.132345,2017,Ada, Herbs,1
58,731,162.5704867,2017,Ada, Clover/Wildflowers,0
59,364,80.9516514,2017,Ada, Sod/Grass Seed,1
61,37837,8414.746248,2017,Ada, Fallow/Idle Cropland,0
67,11,2.446341114,2017,Ada, Peaches,1
68,63,14.01086274,2017,Ada, Apples,1
69,14,3.113525054,2017,Ada, Grapes,1
77,1,0.222394647,2017,Ada, Pears,1
111,18446,4102.291653,2017,Ada, Open Water,0
112,37,8.228601928,2017,Ada, Perennial Ice/Snow,0
121,194731,43307.13195,2017,Ada, Developed/Open Space,0
122,143614,31938.98479,2017,Ada, Developed/Low Intensity,0
123,52063,11578.53249,2017,Ada, Developed/Medium Intensity,0
124,8456,1880.569133,2017,Ada, Developed/High Intensity,0
131,272,60.49134391,2017,Ada, Barren,0
142,14785,3288.104852,2017,Ada, Evergreen Forest,0
152,972376,216251.217,2017,Ada, Shrubland,0
176,1373479,305454.377,2017,Ada, Grass/Pasture,0
190,3774,839.3173967,2017,Ada, Woody Wetlands,0
195,539,119.8707146,2017,Ada, Herbaceous Wetlands,0
205,5030,1118.645073,2017,Ada, Triticale,1
206,213,47.37005975,2017,Ada, Carrots,1
216,58,12.89888951,2017,Ada, Peppers,1
218,1,0.222394647,2017,Ada, Nectarines,1
220,9,2.00155182,2017,Ada, Plums,1
225,1,0.222394647,2017,Ada, Dbl Crop WinWht/Corn,1
227,12,2.668735761,2017,Ada, Lettuce,1
246,347,77.17094241,2017,Ada, Radishes,1
247,24,5.337471521,2017,Ada, Turnips,1
0,1598698,355541.8769,2018,Ada,NA,NA
1,76632,17042.54657,2018,Ada, Corn,1
4,48,10.67494304,2018,Ada, Sorghum,1
6,27,6.004655461,2018,Ada, Sunflowers,1
13,6,1.33436788,2018,Ada, Pop or Orn Corn,1
21,9138,2032.242282,2018,Ada, Barley,1
23,6743,1499.607103,2018,Ada, Spring Wheat,1
24,26076,5799.162808,2018,Ada, Winter Wheat,1
25,302,67.16318331,2018,Ada, Other Small Grains,1
28,637,141.66539,2018,Ada, Oats,1
33,74,16.45720386,2018,Ada,Safflower,1
36,92484,20567.94651,2018,Ada, Alfalfa,1
37,9301,2068.492609,2018,Ada, Other Hay/Non Alfalfa,1
41,10907,2425.658412,2018,Ada, Sugarbeets,1
42,5922,1317.021098,2018,Ada, Dry Beans,1
43,165,36.69511671,2018,Ada, Potatoes,1
44,415,92.29377839,2018,Ada, Other Crops,1
46,119,26.46496296,2018,Ada, Sweet Potatoes,1
49,1726,383.8531602,2018,Ada, Onions,1
53,3703,823.5273768,2018,Ada, Peas,1
56,30,6.671839401,2018,Ada, Hops,1
57,8331,1852.769802,2018,Ada, Herbs,1
58,210,46.70287581,2018,Ada, Clover/Wildflowers,0
59,365,81.17404605,2018,Ada, Sod/Grass Seed,1
61,33210,7385.726217,2018,Ada, Fallow/Idle Cropland,0
66,2,0.444789293,2018,Ada,Cherries,1
67,26,5.782260815,2018,Ada, Peaches,1
68,51,11.34212698,2018,Ada, Apples,1
69,72,16.01241456,2018,Ada, Grapes,1
111,19118,4251.740856,2018,Ada, Open Water,0
121,192331,42773.3848,2018,Ada, Developed/Open Space,0
122,142609,31715.47817,2018,Ada, Developed/Low Intensity,0
123,54573,12136.74306,2018,Ada, Developed/Medium Intensity,0
124,7144,1588.787356,2018,Ada, Developed/High Intensity,0
131,1019,226.620145,2018,Ada, Barren,0
141,48,10.67494304,2018,Ada, Deciduous Forest,0
142,23376,5198.697262,2018,Ada, Evergreen Forest,0
152,915403,203580.7268,2018,Ada, Shrubland,0
176,1399411,311221.515,2018,Ada, Grass/Pasture,0
190,2681,596.2400478,2018,Ada, Woody Wetlands,0
195,1445,321.3602645,2018,Ada, Herbaceous Wetlands,0
205,2875,639.3846093,2018,Ada, Triticale,1
206,2720,604.9134391,2018,Ada, Carrots,1
227,8,1.779157174,2018,Ada, Lettuce,1
242,1,0.222394647,2018,Ada, Blueberries,1
246,228,50.70597945,2018,Ada, Radishes,1
247,5,1.111973234,2018,Ada, Turnips,1
0,1753309,389926.5356,2005,Canyon,NA,NA
1,134364,29881.83431,2005,Canyon, Corn,1
21,122399,27220.88236,2005,Canyon, Barley,1
24,9040,2010.447606,2005,Canyon, Winter Wheat,1
25,12,2.668735761,2005,Canyon, Other Small Grains,1
36,584748,130044.8249,2005,Canyon, Alfalfa,1
42,6953,1546.309979,2005,Canyon, Dry Beans,1
44,18193,4046.025808,2005,Canyon, Other Crops,1
59,3585,797.2848085,2005,Canyon, Sod/Grass Seed,1
61,8811,1959.519232,2005,Canyon, Fallow/Idle Cropland,0
63,44388,9871.653578,2005,Canyon, Forest,0
81,28708,6384.505518,2005,Canyon,Clouds,0
83,33714,7497.813119,2005,Canyon,Water,0
176,741924,164999.9259,2005,Canyon, Grass/Pasture,0
0,503091,111884.7452,2007,Canyon,NA,NA
1,63755,14178.7707,2007,Canyon, Corn,1
6,6,1.33436788,2007,Canyon, Sunflowers,1
12,5023,1117.08831,2007,Canyon, Sweet Corn,1
21,1930,429.2216682,2007,Canyon, Barley,1
23,3541,787.499444,2007,Canyon, Spring Wheat,1
24,24867,5530.28768,2007,Canyon, Winter Wheat,1
25,137,30.4680666,2007,Canyon, Other Small Grains,1
28,310,68.94234048,2007,Canyon, Oats,1
31,90,20.0155182,2007,Canyon, Canola,1
34,27,6.004655461,2007,Canyon, Rape Seed,1
36,83283,18521.69336,2007,Canyon, Alfalfa,1
41,9818,2183.470641,2007,Canyon, Sugarbeets,1
42,14296,3179.353869,2007,Canyon, Dry Beans,1
43,8019,1783.382672,2007,Canyon, Potatoes,1
44,7,1.556762527,2007,Canyon, Other Crops,1
47,605,134.5487613,2007,Canyon, Misc Vegs & Fruits,1
49,9351,2079.612341,2007,Canyon, Onions,1
52,85,18.90354497,2007,Canyon, Lentils,1
53,2991,665.1823883,2007,Canyon, Peas,1
56,951,211.497309,2007,Canyon, Hops,1
57,7583,1686.418606,2007,Canyon, Herbs,1
58,129,28.68890943,2007,Canyon, Clover/Wildflowers,0
59,973,216.3899913,2007,Canyon, Sod/Grass Seed,1
61,6759,1503.165417,2007,Canyon, Fallow/Idle Cropland,0
63,6,1.33436788,2007,Canyon, Forest,0
67,976,217.0571752,2007,Canyon, Peaches,1
68,1093,243.0773489,2007,Canyon, Apples,1
69,36,8.006207282,2007,Canyon, Grapes,1
71,201,44.70132399,2007,Canyon, Other Tree Crops,1
72,16,3.558314347,2007,Canyon, Citrus,1
111,18773,4175.014703,2007,Canyon, Open Water,0
121,92188,20502.11769,2007,Canyon, Developed/Open Space,0
122,13667,3039.467637,2007,Canyon, Developed/Low Intensity,0
123,1221,271.5438636,2007,Canyon, Developed/Medium Intensity,0
124,5,1.111973234,2007,Canyon, Developed/High Intensity,0
141,10,2.223946467,2007,Canyon, Deciduous Forest,0
142,598,132.9919987,2007,Canyon, Evergreen Forest,0
152,12643,2811.735518,2007,Canyon, Shrubland,0
176,108963,24232.78789,2007,Canyon, Grass/Pasture,0
190,271,60.26894926,2007,Canyon, Woody Wetlands,0
195,3262,725.4513376,2007,Canyon, Herbaceous Wetlands,0
0,1753286,389921.4206,2008,Canyon,NA,NA
1,138697,30845.47032,2008,Canyon, Corn,1
4,605,134.5487613,2008,Canyon, Sorghum,1
6,67,14.90044133,2008,Canyon, Sunflowers,1
12,34195,7604.784944,2008,Canyon, Sweet Corn,1
14,69,15.34523062,2008,Canyon, Mint,1
21,3183,707.8821605,2008,Canyon, Barley,1
23,23344,5191.580633,2008,Canyon, Spring Wheat,1
24,197800,43989.66112,2008,Canyon, Winter Wheat,1
28,2999,666.9615455,2008,Canyon, Oats,1
31,86,19.12593962,2008,Canyon, Canola,1
32,2,0.444789293,2008,Canyon, Flaxseed,1
36,360745,80227.75683,2008,Canyon, Alfalfa,1
37,14907,3315.236999,2008,Canyon, Other Hay/Non Alfalfa,1
41,26313,5851.870339,2008,Canyon, Sugarbeets,1
42,64729,14395.38309,2008,Canyon, Dry Beans,1
43,20923,4653.163193,2008,Canyon, Potatoes,1
44,2401,533.9695468,2008,Canyon, Other Crops,1
47,10,2.223946467,2008,Canyon, Misc Vegs & Fruits,1
49,30987,6891.342918,2008,Canyon, Onions,1
52,32,7.116628695,2008,Canyon, Lentils,1
53,13181,2931.383838,2008,Canyon, Peas,1
54,36,8.006207282,2008,Canyon,Tomatoes,1
56,11009,2448.342666,2008,Canyon, Hops,1
57,27665,6152.547901,2008,Canyon, Herbs,1
58,410,91.18180515,2008,Canyon, Clover/Wildflowers,0
59,3734,830.4216108,2008,Canyon, Sod/Grass Seed,1
61,74924,16662.69651,2008,Canyon, Fallow/Idle Cropland,0
66,1728,384.2979495,2008,Canyon,Cherries,1
67,2287,508.616557,2008,Canyon, Peaches,1
68,8090,1799.172692,2008,Canyon, Apples,1
69,657,146.1132829,2008,Canyon, Grapes,1
71,107,23.7962272,2008,Canyon, Other Tree Crops,1
77,201,44.70132399,2008,Canyon, Pears,1
111,45608,10142.97505,2008,Canyon, Open Water,0
121,143766,31972.78878,2008,Canyon, Developed/Open Space,0
122,60439,13441.31005,2008,Canyon, Developed/Low Intensity,0
123,9313,2071.161345,2008,Canyon, Developed/Medium Intensity,0
124,548,121.8722664,2008,Canyon, Developed/High Intensity,0
131,77,17.1243878,2008,Canyon, Barren,0
141,223,49.59400622,2008,Canyon, Deciduous Forest,0
142,4287,953.4058505,2008,Canyon, Evergreen Forest,0
143,26,5.782260815,2008,Canyon, Mixed Forest,0
152,62327,13861.19115,2008,Canyon, Shrubland,0
176,335443,74600.72748,2008,Canyon, Grass/Pasture,0
190,783,174.1350084,2008,Canyon, Woody Wetlands,0
195,1438,319.803502,2008,Canyon, Herbaceous Wetlands,0
205,1837,408.538966,2008,Canyon, Triticale,1
206,2696,599.5759675,2008,Canyon, Carrots,1
216,49,10.89733769,2008,Canyon, Peppers,1
218,85,18.90354497,2008,Canyon, Nectarines,1
219,14,3.113525054,2008,Canyon, Greens,1
220,133,29.57848801,2008,Canyon, Plums,1
227,27,6.004655461,2008,Canyon, Lettuce,1
229,267,59.37937067,2008,Canyon,Pumpkin,1
246,29,6.449444755,2008,Canyon, Radishes,1
247,1324,294.4505122,2008,Canyon, Turnips,1
0,1753286,389921.4206,2009,Canyon,NA,NA
1,151455,33682.78122,2009,Canyon, Corn,1
4,147,32.69201307,2009,Canyon, Sorghum,1
5,2,0.444789293,2009,Canyon,Soybeans,1
6,71,15.79001992,2009,Canyon, Sunflowers,1
12,20792,4624.029494,2009,Canyon, Sweet Corn,1
14,60,13.3436788,2009,Canyon, Mint,1
21,4577,1017.900298,2009,Canyon, Barley,1
23,14389,3200.036572,2009,Canyon, Spring Wheat,1
24,125215,27847.14569,2009,Canyon, Winter Wheat,1
25,301,66.94078866,2009,Canyon, Other Small Grains,1
27,18,4.003103641,2009,Canyon, Rye,1
28,3737,831.0887948,2009,Canyon, Oats,1
31,45,10.0077591,2009,Canyon, Canola,1
36,375196,83441.58187,2009,Canyon, Alfalfa,1
37,5674,1261.867225,2009,Canyon, Other Hay/Non Alfalfa,1
41,43549,9685.06447,2009,Canyon, Sugarbeets,1
42,92398,20548.82057,2009,Canyon, Dry Beans,1
43,26826,5965.958793,2009,Canyon, Potatoes,1
44,2817,626.4857198,2009,Canyon, Other Crops,1
47,67,14.90044133,2009,Canyon, Misc Vegs & Fruits,1
49,35754,7951.498199,2009,Canyon, Onions,1
53,30189,6713.87199,2009,Canyon, Peas,1
54,3,0.66718394,2009,Canyon,Tomatoes,1
56,6975,1551.202661,2009,Canyon, Hops,1
57,38271,8511.265524,2009,Canyon, Herbs,1
58,297,66.05121007,2009,Canyon, Clover/Wildflowers,0
59,4741,1054.37302,2009,Canyon, Sod/Grass Seed,1
61,81031,18020.86062,2009,Canyon, Fallow/Idle Cropland,0
66,977,217.2795698,2009,Canyon,Cherries,1
67,3392,754.3626417,2009,Canyon, Peaches,1
68,7554,1679.969161,2009,Canyon, Apples,1
69,1008,224.1738039,2009,Canyon, Grapes,1
71,132,29.35609337,2009,Canyon, Other Tree Crops,1
77,452,100.5223803,2009,Canyon, Pears,1
111,55609,12367.14391,2009,Canyon, Open Water,0
121,140712,31293.59553,2009,Canyon, Developed/Open Space,0
122,60762,13513.14352,2009,Canyon, Developed/Low Intensity,0
123,9415,2093.845599,2009,Canyon, Developed/Medium Intensity,0
124,623,138.5518649,2009,Canyon, Developed/High Intensity,0
131,76,16.90199315,2009,Canyon, Barren,0
141,1,0.222394647,2009,Canyon, Deciduous Forest,0
142,407,90.51462121,2009,Canyon, Evergreen Forest,0
152,56744,12619.56183,2009,Canyon, Shrubland,0
176,320563,71291.49513,2009,Canyon, Grass/Pasture,0
190,3754,834.8695038,2009,Canyon, Woody Wetlands,0
195,4510,1002.999857,2009,Canyon, Herbaceous Wetlands,0
205,1056,234.8487469,2009,Canyon, Triticale,1
206,2265,503.7238748,2009,Canyon, Carrots,1
207,37,8.228601928,2009,Canyon,Asparagus,1
218,28,6.227050108,2009,Canyon, Nectarines,1
220,336,74.7246013,2009,Canyon, Plums,1
227,43,9.562969809,2009,Canyon, Lettuce,1
229,149,33.13680236,2009,Canyon,Pumpkin,1
246,558,124.0962129,2009,Canyon, Radishes,1
247,1102,245.0789007,2009,Canyon, Turnips,1
0,1753286,389921.4206,2010,Canyon,NA,NA
1,152606,33938.75746,2010,Canyon, Corn,1
4,50,11.11973234,2010,Canyon, Sorghum,1
6,24,5.337471521,2010,Canyon, Sunflowers,1
12,11911,2648.942637,2010,Canyon, Sweet Corn,1
21,2095,465.9167849,2010,Canyon, Barley,1
23,11639,2588.451293,2010,Canyon, Spring Wheat,1
24,116697,25952.78809,2010,Canyon, Winter Wheat,1
28,3532,785.4978922,2010,Canyon, Oats,1
31,14,3.113525054,2010,Canyon, Canola,1
33,30,6.671839401,2010,Canyon,Safflower,1
34,1,0.222394647,2010,Canyon, Rape Seed,1
36,265762,59104.0461,2010,Canyon, Alfalfa,1
37,5998,1333.923091,2010,Canyon, Other Hay/Non Alfalfa,1
41,37869,8421.862876,2010,Canyon, Sugarbeets,1
42,104919,23333.42394,2010,Canyon, Dry Beans,1
43,24026,5343.253782,2010,Canyon, Potatoes,1
44,1599,355.6090401,2010,Canyon, Other Crops,1
49,25558,5683.962381,2010,Canyon, Onions,1
53,20177,4487.256787,2010,Canyon, Peas,1
56,7041,1565.880708,2010,Canyon, Hops,1
57,35928,7990.194867,2010,Canyon, Herbs,1
58,1722,382.9635816,2010,Canyon, Clover/Wildflowers,0
59,426,94.7401195,2010,Canyon, Sod/Grass Seed,1
61,40209,8942.26635,2010,Canyon, Fallow/Idle Cropland,0
63,682,151.6731491,2010,Canyon, Forest,0
66,831,184.8099514,2010,Canyon,Cherries,1
67,1281,284.8875424,2010,Canyon, Peaches,1
68,4856,1079.948404,2010,Canyon, Apples,1
69,933,207.4942054,2010,Canyon, Grapes,1
71,90,20.0155182,2010,Canyon, Other Tree Crops,1
87,46,10.23015375,2010,Canyon,Wetlands,0
111,55141,12263.06321,2010,Canyon, Open Water,0
121,149190,33179.05734,2010,Canyon, Developed/Open Space,0
122,52772,11736.2103,2010,Canyon, Developed/Low Intensity,0
123,5187,1153.561033,2010,Canyon, Developed/Medium Intensity,0
124,20,4.447892934,2010,Canyon, Developed/High Intensity,0
131,47,10.4525484,2010,Canyon, Barren,0
141,17,3.780708994,2010,Canyon, Deciduous Forest,0
142,1118,248.637215,2010,Canyon, Evergreen Forest,0
152,54241,12062.90803,2010,Canyon, Shrubland,0
176,524249,116590.1711,2010,Canyon, Grass/Pasture,0
190,1817,404.0910731,2010,Canyon, Woody Wetlands,0
195,9563,2126.760007,2010,Canyon, Herbaceous Wetlands,0
205,521,115.8676109,2010,Canyon, Triticale,1
206,2676,595.1280746,2010,Canyon, Carrots,1
216,76,16.90199315,2010,Canyon, Peppers,1
218,36,8.006207282,2010,Canyon, Nectarines,1
219,53,11.78691628,2010,Canyon, Greens,1
220,20,4.447892934,2010,Canyon, Plums,1
223,74,16.45720386,2010,Canyon,Apricots,1
227,88,19.57072891,2010,Canyon, Lettuce,1
229,250,55.59866168,2010,Canyon,Pumpkin,1
246,380,84.50996575,2010,Canyon, Radishes,1
247,730,162.3480921,2010,Canyon, Turnips,1
250,44,9.785364455,2010,Canyon,Cranberries,1
0,1753286,389921.4206,2011,Canyon,NA,NA
1,207964,46250.08031,2011,Canyon, Corn,1
4,172,38.25187923,2011,Canyon, Sorghum,1
5,27,6.004655461,2011,Canyon,Soybeans,1
12,9061,2015.117894,2011,Canyon, Sweet Corn,1
13,6,1.33436788,2011,Canyon, Pop or Orn Corn,1
14,3,0.66718394,2011,Canyon, Mint,1
21,4648,1033.690318,2011,Canyon, Barley,1
23,29777,6622.245395,2011,Canyon, Spring Wheat,1
24,144667,32173.16636,2011,Canyon, Winter Wheat,1
27,133,29.57848801,2011,Canyon, Rye,1
28,1125,250.1939776,2011,Canyon, Oats,1
31,1,0.222394647,2011,Canyon, Canola,1
36,182744,40641.28732,2011,Canyon, Alfalfa,1
37,3082,685.4203012,2011,Canyon, Other Hay/Non Alfalfa,1
38,297,66.05121007,2011,Canyon,Camelina,1
41,45114,10033.11209,2011,Canyon, Sugarbeets,1
42,62302,13855.63128,2011,Canyon, Dry Beans,1
43,26154,5816.50959,2011,Canyon, Potatoes,1
44,1165,259.0897634,2011,Canyon, Other Crops,1
47,7,1.556762527,2011,Canyon, Misc Vegs & Fruits,1
48,91,20.23791285,2011,Canyon,Watermelon,1
49,37612,8364.707452,2011,Canyon, Onions,1
53,14667,3261.862283,2011,Canyon, Peas,1
56,7009,1558.764079,2011,Canyon, Hops,1
57,42382,9425.529917,2011,Canyon, Herbs,1
58,1321,293.7833283,2011,Canyon, Clover/Wildflowers,0
59,63,14.01086274,2011,Canyon, Sod/Grass Seed,1
61,98183,21835.3736,2011,Canyon, Fallow/Idle Cropland,0
66,1477,328.4768932,2011,Canyon,Cherries,1
67,4298,955.8521916,2011,Canyon, Peaches,1
68,8159,1814.517923,2011,Canyon, Apples,1
69,1780,395.8624712,2011,Canyon, Grapes,1
71,313,69.60952442,2011,Canyon, Other Tree Crops,1
111,59383,13206.46131,2011,Canyon, Open Water,0
121,145025,32252.78364,2011,Canyon, Developed/Open Space,0
122,61680,13717.30181,2011,Canyon, Developed/Low Intensity,0
123,7579,1685.529027,2011,Canyon, Developed/Medium Intensity,0
124,594,132.1024201,2011,Canyon, Developed/High Intensity,0
131,990,220.1707002,2011,Canyon, Barren,0
142,322,71.61107624,2011,Canyon, Evergreen Forest,0
152,167391,37226.86231,2011,Canyon, Shrubland,0
176,336746,74890.5077,2011,Canyon, Grass/Pasture,0
190,1626,361.6136956,2011,Canyon, Woody Wetlands,0
195,8294,1844.5412,2011,Canyon, Herbaceous Wetlands,0
205,4815,1070.830224,2011,Canyon, Triticale,1
206,4501,1000.998305,2011,Canyon, Carrots,1
207,21,4.670287581,2011,Canyon,Asparagus,1
210,1,0.222394647,2011,Canyon,Prunes,1
218,51,11.34212698,2011,Canyon, Nectarines,1
219,5,1.111973234,2011,Canyon, Greens,1
220,10,2.223946467,2011,Canyon, Plums,1
225,35,7.783812635,2011,Canyon, Dbl Crop WinWht/Corn,1
227,113,25.13059508,2011,Canyon, Lettuce,1
229,217,48.25963834,2011,Canyon,Pumpkin,1
236,21,4.670287581,2011,Canyon,Dbl Crop WinWht/Sorgum,1
243,21,4.670287581,2011,Canyon,Cabbage,1
246,395,87.84588545,2011,Canyon, Radishes,1
247,1222,271.7662583,2011,Canyon, Turnips,1
0,1753286,389921.4206,2012,Canyon,NA,NA
1,210210,46749.57869,2012,Canyon, Corn,1
4,238,52.92992592,2012,Canyon, Sorghum,1
5,133,29.57848801,2012,Canyon,Soybeans,1
12,14702,3269.646096,2012,Canyon, Sweet Corn,1
13,407,90.51462121,2012,Canyon, Pop or Orn Corn,1
14,27,6.004655461,2012,Canyon, Mint,1
21,5561,1236.73663,2012,Canyon, Barley,1
23,12049,2679.633098,2012,Canyon, Spring Wheat,1
24,132512,29469.95943,2012,Canyon, Winter Wheat,1
28,1836,408.3165714,2012,Canyon, Oats,1
32,3,0.66718394,2012,Canyon, Flaxseed,1
35,3,0.66718394,2012,Canyon, Mustard,1
36,227127,50511.82892,2012,Canyon, Alfalfa,1
37,1679,373.4006118,2012,Canyon, Other Hay/Non Alfalfa,1
41,44750,9952.16044,2012,Canyon, Sugarbeets,1
42,75605,16814.14726,2012,Canyon, Dry Beans,1
43,24879,5532.956416,2012,Canyon, Potatoes,1
44,4499,1000.553516,2012,Canyon, Other Crops,1
47,28,6.227050108,2012,Canyon, Misc Vegs & Fruits,1
49,37439,8326.233178,2012,Canyon, Onions,1
53,12546,2790.163238,2012,Canyon, Peas,1
56,7094,1577.667624,2012,Canyon, Hops,1
57,49232,10948.93325,2012,Canyon, Herbs,1
58,596,132.5472094,2012,Canyon, Clover/Wildflowers,0
59,174,38.69666853,2012,Canyon, Sod/Grass Seed,1
61,102270,22744.30052,2012,Canyon, Fallow/Idle Cropland,0
66,1870,415.8779894,2012,Canyon,Cherries,1
67,3465,770.5974509,2012,Canyon, Peaches,1
68,8944,1989.09772,2012,Canyon, Apples,1
69,1569,348.9372007,2012,Canyon, Grapes,1
77,164,36.47272206,2012,Canyon, Pears,1
111,54776,12181.88917,2012,Canyon, Open Water,0
112,9,2.00155182,2012,Canyon, Perennial Ice/Snow,0
121,144592,32156.48676,2012,Canyon, Developed/Open Space,0
122,61685,13718.41378,2012,Canyon, Developed/Low Intensity,0
123,6766,1504.72218,2012,Canyon, Developed/Medium Intensity,0
124,533,118.5363467,2012,Canyon, Developed/High Intensity,0
131,2145,477.0365172,2012,Canyon, Barren,0
142,54,12.00931092,2012,Canyon, Evergreen Forest,0
152,95056,21139.94554,2012,Canyon, Shrubland,0
176,361044,80294.25283,2012,Canyon, Grass/Pasture,0
190,5534,1230.731975,2012,Canyon, Woody Wetlands,0
195,9455,2102.741385,2012,Canyon, Herbaceous Wetlands,0
205,3102,689.8681941,2012,Canyon, Triticale,1
206,4871,1083.284324,2012,Canyon, Carrots,1
216,41,9.118180515,2012,Canyon, Peppers,1
218,77,17.1243878,2012,Canyon, Nectarines,1
220,168,37.36230065,2012,Canyon, Plums,1
223,683,151.8955437,2012,Canyon,Apricots,1
225,263,58.48979209,2012,Canyon, Dbl Crop WinWht/Corn,1
227,400,88.95785869,2012,Canyon, Lettuce,1
229,100,22.23946467,2012,Canyon,Pumpkin,1
246,472,104.9702732,2012,Canyon, Radishes,1
247,3425,761.701665,2012,Canyon, Turnips,1
0,1753286,389921.4206,2013,Canyon,NA,NA
1,204125,45396.30726,2013,Canyon, Corn,1
4,232,51.59555804,2013,Canyon, Sorghum,1
12,13837,3077.274727,2013,Canyon, Sweet Corn,1
13,324,72.05586554,2013,Canyon, Pop or Orn Corn,1
14,37,8.228601928,2013,Canyon, Mint,1
21,4693,1043.698077,2013,Canyon, Barley,1
23,13612,3027.235931,2013,Canyon, Spring Wheat,1
24,158258,35195.732,2013,Canyon, Winter Wheat,1
27,32,7.116628695,2013,Canyon, Rye,1
28,1569,348.9372007,2013,Canyon, Oats,1
35,2,0.444789293,2013,Canyon, Mustard,1
36,203809,45326.03055,2013,Canyon, Alfalfa,1
37,9603,2135.655792,2013,Canyon, Other Hay/Non Alfalfa,1
38,213,47.37005975,2013,Canyon,Camelina,1
41,41683,9270.076059,2013,Canyon, Sugarbeets,1
42,46385,10315.77569,2013,Canyon, Dry Beans,1
43,21503,4782.152088,2013,Canyon, Potatoes,1
44,2832,629.8216395,2013,Canyon, Other Crops,1
47,15,3.335919701,2013,Canyon, Misc Vegs & Fruits,1
49,49910,11099.71682,2013,Canyon, Onions,1
53,11168,2483.703414,2013,Canyon, Peas,1
56,7470,1661.288011,2013,Canyon, Hops,1
57,37888,8426.088375,2013,Canyon, Herbs,1
58,348,77.39333706,2013,Canyon, Clover/Wildflowers,0
59,561,124.7633968,2013,Canyon, Sod/Grass Seed,1
61,61597,13698.84305,2013,Canyon, Fallow/Idle Cropland,0
66,2117,470.8094671,2013,Canyon,Cherries,1
67,3273,727.8976787,2013,Canyon, Peaches,1
68,7693,1710.882017,2013,Canyon, Apples,1
69,879,195.4848945,2013,Canyon, Grapes,1
71,8,1.779157174,2013,Canyon, Other Tree Crops,1
77,105,23.3514379,2013,Canyon, Pears,1
111,59304,13188.89213,2013,Canyon, Open Water,0
112,1,0.222394647,2013,Canyon, Perennial Ice/Snow,0
121,145795,32424.02752,2013,Canyon, Developed/Open Space,0
122,60551,13466.21825,2013,Canyon, Developed/Low Intensity,0
123,8063,1793.168036,2013,Canyon, Developed/Medium Intensity,0
124,537,119.4259253,2013,Canyon, Developed/High Intensity,0
131,140,31.13525054,2013,Canyon, Barren,0
142,479,106.5270358,2013,Canyon, Evergreen Forest,0
152,44862,9977.068641,2013,Canyon, Shrubland,0
176,484967,107854.0646,2013,Canyon, Grass/Pasture,0
190,2945,654.9522346,2013,Canyon, Woody Wetlands,0
195,10212,2271.094132,2013,Canyon, Herbaceous Wetlands,0
205,2468,548.8699881,2013,Canyon, Triticale,1
206,1653,367.618351,2013,Canyon, Carrots,1
216,117,26.02017367,2013,Canyon, Peppers,1
218,133,29.57848801,2013,Canyon, Nectarines,1
219,89,19.79312356,2013,Canyon, Greens,1
220,301,66.94078866,2013,Canyon, Plums,1
223,124,27.57693619,2013,Canyon,Apricots,1
225,1162,258.4225795,2013,Canyon, Dbl Crop WinWht/Corn,1
227,639,142.1101793,2013,Canyon, Lettuce,1
229,179,39.80864176,2013,Canyon,Pumpkin,1
243,34,7.561417988,2013,Canyon,Cabbage,1
246,2497,555.3194328,2013,Canyon, Radishes,1
247,3829,851.5491023,2013,Canyon, Turnips,1
0,1753286,389921.4206,2014,Canyon,NA,NA
1,164538,36592.37038,2014,Canyon, Corn,1
4,584,129.8784737,2014,Canyon, Sorghum,1
12,18096,4024.453527,2014,Canyon, Sweet Corn,1
13,243,54.04189915,2014,Canyon, Pop or Orn Corn,1
21,3666,815.2987749,2014,Canyon, Barley,1
23,19743,4390.73751,2014,Canyon, Spring Wheat,1
24,127370,28326.40615,2014,Canyon, Winter Wheat,1
27,21,4.670287581,2014,Canyon, Rye,1
28,2575,572.6662153,2014,Canyon, Oats,1
36,237654,52852.97737,2014,Canyon, Alfalfa,1
37,7531,1674.854084,2014,Canyon, Other Hay/Non Alfalfa,1
38,6,1.33436788,2014,Canyon,Camelina,1
41,41552,9240.94236,2014,Canyon, Sugarbeets,1
42,73434,16331.32849,2014,Canyon, Dry Beans,1
43,18817,4184.800067,2014,Canyon, Potatoes,1
44,2195,488.1562495,2014,Canyon, Other Crops,1
48,24,5.337471521,2014,Canyon,Watermelon,1
49,41005,9119.292488,2014,Canyon, Onions,1
53,12351,2746.796282,2014,Canyon, Peas,1
56,13734,3054.368078,2014,Canyon, Hops,1
57,34832,7746.450334,2014,Canyon, Herbs,1
58,392,87.17870151,2014,Canyon, Clover/Wildflowers,0
59,842,187.2562925,2014,Canyon, Sod/Grass Seed,1
61,33026,7344.805602,2014,Canyon, Fallow/Idle Cropland,0
66,1833,407.6493874,2014,Canyon,Cherries,1
67,4744,1055.040204,2014,Canyon, Peaches,1
68,6471,1439.115759,2014,Canyon, Apples,1
69,1870,415.8779894,2014,Canyon, Grapes,1
77,444,98.74322314,2014,Canyon, Pears,1
111,54525,12126.06811,2014,Canyon, Open Water,0
121,143970,32018.15729,2014,Canyon, Developed/Open Space,0
122,62249,13843.84436,2014,Canyon, Developed/Low Intensity,0
123,15817,3517.616127,2014,Canyon, Developed/Medium Intensity,0
124,2147,477.4813065,2014,Canyon, Developed/High Intensity,0
131,141,31.35764519,2014,Canyon, Barren,0
141,6,1.33436788,2014,Canyon, Deciduous Forest,0
142,795,176.8037441,2014,Canyon, Evergreen Forest,0
152,48515,10789.47629,2014,Canyon, Shrubland,0
176,502163,111678.363,2014,Canyon, Grass/Pasture,0
190,3523,783.4963404,2014,Canyon, Woody Wetlands,0
195,10645,2367.391014,2014,Canyon, Herbaceous Wetlands,0
205,9232,2053.147378,2014,Canyon, Triticale,1
206,5516,1226.728871,2014,Canyon, Carrots,1
207,2,0.444789293,2014,Canyon,Asparagus,1
216,275,61.15852785,2014,Canyon, Peppers,1
218,25,5.559866168,2014,Canyon, Nectarines,1
219,391,86.95630687,2014,Canyon, Greens,1
220,490,108.9733769,2014,Canyon, Plums,1
223,155,34.47117024,2014,Canyon,Apricots,1
225,855,190.1474229,2014,Canyon, Dbl Crop WinWht/Corn,1
227,192,42.69977217,2014,Canyon, Lettuce,1
229,420,93.40575162,2014,Canyon,Pumpkin,1
237,1191,264.8720242,2014,Canyon,Dbl Crop Barley/Corn,1
246,1229,273.3230208,2014,Canyon, Radishes,1
247,2800,622.7050108,2014,Canyon, Turnips,1
0,1753286,389921.4206,2015,Canyon,NA,NA
1,183019,40702.44585,2015,Canyon, Corn,1
4,831,184.8099514,2015,Canyon, Sorghum,1
12,19354,4304.225992,2015,Canyon, Sweet Corn,1
13,5,1.111973234,2015,Canyon, Pop or Orn Corn,1
21,5749,1278.546824,2015,Canyon, Barley,1
23,20855,4638.040357,2015,Canyon, Spring Wheat,1
24,114335,25427.49193,2015,Canyon, Winter Wheat,1
27,3,0.66718394,2015,Canyon, Rye,1
28,2338,519.958684,2015,Canyon, Oats,1
29,19,4.225498288,2015,Canyon,Millet,1
36,269382,59909.11472,2015,Canyon, Alfalfa,1
37,9941,2210.825183,2015,Canyon, Other Hay/Non Alfalfa,1
38,11,2.446341114,2015,Canyon,Camelina,1
41,49860,11088.59709,2015,Canyon, Sugarbeets,1
42,45721,10168.10564,2015,Canyon, Dry Beans,1
43,15760,3504.939632,2015,Canyon, Potatoes,1
44,2875,639.3846093,2015,Canyon, Other Crops,1
47,357,79.39488888,2015,Canyon, Misc Vegs & Fruits,1
49,51624,11480.90124,2015,Canyon, Onions,1
53,12461,2771.259693,2015,Canyon, Peas,1
56,6300,1401.086274,2015,Canyon, Hops,1
57,42694,9494.917047,2015,Canyon, Herbs,1
58,222,49.37161157,2015,Canyon, Clover/Wildflowers,0
59,1077,239.5190345,2015,Canyon, Sod/Grass Seed,1
61,80639,17933.68192,2015,Canyon, Fallow/Idle Cropland,0
66,1517,337.3726791,2015,Canyon,Cherries,1
67,4735,1053.038652,2015,Canyon, Peaches,1
68,10053,2235.733383,2015,Canyon, Apples,1
69,2138,475.4797547,2015,Canyon, Grapes,1
77,219,48.70442763,2015,Canyon, Pears,1
111,57228,12727.20084,2015,Canyon, Open Water,0
112,1,0.222394647,2015,Canyon, Perennial Ice/Snow,0
121,141791,31533.55935,2015,Canyon, Developed/Open Space,0
122,61622,13704.40292,2015,Canyon, Developed/Low Intensity,0
123,16076,3575.216341,2015,Canyon, Developed/Medium Intensity,0
124,2359,524.6289716,2015,Canyon, Developed/High Intensity,0
131,153,34.02638095,2015,Canyon, Barren,0
141,22,4.892682228,2015,Canyon, Deciduous Forest,0
142,1657,368.5079296,2015,Canyon, Evergreen Forest,0
152,68833,15308.09072,2015,Canyon, Shrubland,0
176,403657,89771.15591,2015,Canyon, Grass/Pasture,0
190,2805,623.816984,2015,Canyon, Woody Wetlands,0
195,8131,1808.290872,2015,Canyon, Herbaceous Wetlands,0
205,7318,1627.484025,2015,Canyon, Triticale,1
206,5487,1220.279427,2015,Canyon, Carrots,1
216,150,33.35919701,2015,Canyon, Peppers,1
218,658,146.3356775,2015,Canyon, Nectarines,1
219,328,72.94544412,2015,Canyon, Greens,1
220,314,69.83191907,2015,Canyon, Plums,1
225,405,90.06983192,2015,Canyon, Dbl Crop WinWht/Corn,1
227,146,32.46961842,2015,Canyon, Lettuce,1
229,42,9.340575162,2015,Canyon,Pumpkin,1
246,33,7.339023342,2015,Canyon, Radishes,1
247,3552,789.9457851,2015,Canyon, Turnips,1
0,1753286,389921.4206,2016,Canyon,NA,NA
1,206312,45882.68435,2016,Canyon, Corn,1
4,369,82.06362464,2016,Canyon, Sorghum,1
6,1,0.222394647,2016,Canyon, Sunflowers,1
12,14376,3197.145441,2016,Canyon, Sweet Corn,1
13,1,0.222394647,2016,Canyon, Pop or Orn Corn,1
21,1934,430.1112467,2016,Canyon, Barley,1
23,11842,2633.597406,2016,Canyon, Spring Wheat,1
24,131763,29303.38583,2016,Canyon, Winter Wheat,1
27,263,58.48979209,2016,Canyon, Rye,1
28,358,79.61728352,2016,Canyon, Oats,1
35,1,0.222394647,2016,Canyon, Mustard,1
36,283578,63066.22913,2016,Canyon, Alfalfa,1
37,6355,1413.31798,2016,Canyon, Other Hay/Non Alfalfa,1
41,51310,11411.06932,2016,Canyon, Sugarbeets,1
42,45642,10150.53647,2016,Canyon, Dry Beans,1
43,15547,3457.569572,2016,Canyon, Potatoes,1
44,2437,541.975754,2016,Canyon, Other Crops,1
46,12,2.668735761,2016,Canyon, Sweet Potatoes,1
47,2,0.444789293,2016,Canyon, Misc Vegs & Fruits,1
49,41649,9262.514641,2016,Canyon, Onions,1
53,16552,3681.076192,2016,Canyon, Peas,1
56,14265,3172.459635,2016,Canyon, Hops,1
57,41699,9273.634373,2016,Canyon, Herbs,1
58,367,81.61883534,2016,Canyon, Clover/Wildflowers,0
59,835,185.69953,2016,Canyon, Sod/Grass Seed,1
61,70257,15624.78069,2016,Canyon, Fallow/Idle Cropland,0
66,1254,278.882887,2016,Canyon,Cherries,1
67,3165,703.8790568,2016,Canyon, Peaches,1
68,8251,1834.97823,2016,Canyon, Apples,1
69,699,155.4538581,2016,Canyon, Grapes,1
77,105,23.3514379,2016,Canyon, Pears,1
111,58423,12992.96244,2016,Canyon, Open Water,0
121,141269,31417.46935,2016,Canyon, Developed/Open Space,0
122,60609,13479.11714,2016,Canyon, Developed/Low Intensity,0
123,16266,3617.471323,2016,Canyon, Developed/Medium Intensity,0
124,2088,464.3600223,2016,Canyon, Developed/High Intensity,0
131,460,102.3015375,2016,Canyon, Barren,0
141,8,1.779157174,2016,Canyon, Deciduous Forest,0
142,927,206.1598375,2016,Canyon, Evergreen Forest,0
152,68133,15152.41446,2016,Canyon, Shrubland,0
176,385032,85629.05561,2016,Canyon, Grass/Pasture,0
190,1783,396.5296551,2016,Canyon, Woody Wetlands,0
195,6902,1534.967852,2016,Canyon, Herbaceous Wetlands,0
205,9650,2146.108341,2016,Canyon, Triticale,1
206,6504,1446.454782,2016,Canyon, Carrots,1
216,345,76.72615312,2016,Canyon, Peppers,1
219,569,126.542554,2016,Canyon, Greens,1
220,383,85.17714969,2016,Canyon, Plums,1
225,677,150.5611758,2016,Canyon, Dbl Crop WinWht/Corn,1
227,366,81.3964407,2016,Canyon, Lettuce,1
229,6,1.33436788,2016,Canyon,Pumpkin,1
246,3040,676.079726,2016,Canyon, Radishes,1
247,2221,493.9385104,2016,Canyon, Turnips,1
0,1753286,389921.4206,2017,Canyon,NA,NA
1,199918,44460.69298,2017,Canyon, Corn,1
4,39,8.673391222,2017,Canyon, Sorghum,1
6,28,6.227050108,2017,Canyon, Sunflowers,1
13,11,2.446341114,2017,Canyon, Pop or Orn Corn,1
14,2,0.444789293,2017,Canyon, Mint,1
21,4203,934.7247001,2017,Canyon, Barley,1
22,22,4.892682228,2017,Canyon, Durum Wheat,1
23,10045,2233.954226,2017,Canyon, Spring Wheat,1
24,118849,26431.38137,2017,Canyon, Winter Wheat,1
28,1353,300.899957,2017,Canyon, Oats,1
32,2,0.444789293,2017,Canyon, Flaxseed,1
35,4,0.889578587,2017,Canyon, Mustard,1
36,289663,64419.50055,2017,Canyon, Alfalfa,1
37,9873,2195.702347,2017,Canyon, Other Hay/Non Alfalfa,1
41,45791,10183.67327,2017,Canyon, Sugarbeets,1
42,51832,11527.15933,2017,Canyon, Dry Beans,1
43,17990,4000.879694,2017,Canyon, Potatoes,1
44,1798,399.8655748,2017,Canyon, Other Crops,1
46,49,10.89733769,2017,Canyon, Sweet Potatoes,1
47,33,7.339023342,2017,Canyon, Misc Vegs & Fruits,1
49,53345,11863.64243,2017,Canyon, Onions,1
52,1,0.222394647,2017,Canyon, Lentils,1
53,22869,5085.943176,2017,Canyon, Peas,1
56,19842,4412.75458,2017,Canyon, Hops,1
57,42640,9482.907736,2017,Canyon, Herbs,1
58,498,110.7525341,2017,Canyon, Clover/Wildflowers,0
59,1315,292.4489604,2017,Canyon, Sod/Grass Seed,1
61,44413,9877.213444,2017,Canyon, Fallow/Idle Cropland,0
67,3755,835.0918984,2017,Canyon, Peaches,1
68,9323,2073.385291,2017,Canyon, Apples,1
69,3021,671.8542277,2017,Canyon, Grapes,1
77,16,3.558314347,2017,Canyon, Pears,1
111,56077,12471.2246,2017,Canyon, Open Water,0
112,2,0.444789293,2017,Canyon, Perennial Ice/Snow,0
121,141810,31537.78485,2017,Canyon, Developed/Open Space,0
122,61542,13686.61135,2017,Canyon, Developed/Low Intensity,0
123,15442,3434.218135,2017,Canyon, Developed/Medium Intensity,0
124,2761,614.0316196,2017,Canyon, Developed/High Intensity,0
131,452,100.5223803,2017,Canyon, Barren,0
142,1334,296.6744587,2017,Canyon, Evergreen Forest,0
143,2,0.444789293,2017,Canyon, Mixed Forest,0
152,70980,15785.57202,2017,Canyon, Shrubland,0
176,393267,87460.47553,2017,Canyon, Grass/Pasture,0
190,4089,909.3717104,2017,Canyon, Woody Wetlands,0
195,9284,2064.7119,2017,Canyon, Herbaceous Wetlands,0
205,11864,2638.490089,2017,Canyon, Triticale,1
206,5617,1249.190731,2017,Canyon, Carrots,1
216,147,32.69201307,2017,Canyon, Peppers,1
218,10,2.223946467,2017,Canyon, Nectarines,1
219,75,16.6795985,2017,Canyon, Greens,1
220,359,79.83967817,2017,Canyon, Plums,1
222,18,4.003103641,2017,Canyon, Squash,1
225,1400,311.3525054,2017,Canyon, Dbl Crop WinWht/Corn,1
227,2969,660.2897061,2017,Canyon, Lettuce,1
242,38,8.450996575,2017,Canyon, Blueberries,1
246,2259,502.3895069,2017,Canyon, Radishes,1
247,2521,560.6569044,2017,Canyon, Turnips,1
0,1753286,389921.4206,2018,Canyon,NA,NA
1,217778,48432.66137,2018,Canyon, Corn,1
4,168,37.36230065,2018,Canyon, Sorghum,1
6,42,9.340575162,2018,Canyon, Sunflowers,1
13,218,48.48203298,2018,Canyon, Pop or Orn Corn,1
21,4915,1093.069689,2018,Canyon, Barley,1
23,14861,3305.006845,2018,Canyon, Spring Wheat,1
24,117261,26078.21867,2018,Canyon, Winter Wheat,1
25,32,7.116628695,2018,Canyon, Other Small Grains,1
28,918,204.1582857,2018,Canyon, Oats,1
31,56,12.45410022,2018,Canyon, Canola,1
33,2,0.444789293,2018,Canyon,Safflower,1
35,5,1.111973234,2018,Canyon, Mustard,1
36,288581,64178.86954,2018,Canyon, Alfalfa,1
37,24191,5379.948899,2018,Canyon, Other Hay/Non Alfalfa,1
41,40966,9110.619097,2018,Canyon, Sugarbeets,1
42,57694,12830.83675,2018,Canyon, Dry Beans,1
43,17750,3947.504979,2018,Canyon, Potatoes,1
44,1805,401.4223373,2018,Canyon, Other Crops,1
46,160,35.58314347,2018,Canyon, Sweet Potatoes,1
47,1339,297.7864319,2018,Canyon, Misc Vegs & Fruits,1
48,63,14.01086274,2018,Canyon,Watermelon,1
49,43545,9684.174891,2018,Canyon, Onions,1
52,15,3.335919701,2018,Canyon, Lentils,1
53,23209,5161.557356,2018,Canyon, Peas,1
56,22066,4907.360274,2018,Canyon, Hops,1
57,48665,10822.83548,2018,Canyon, Herbs,1
58,791,175.9141656,2018,Canyon, Clover/Wildflowers,0
59,1209,268.8751279,2018,Canyon, Sod/Grass Seed,1
61,35645,7927.257182,2018,Canyon, Fallow/Idle Cropland,0
67,9494,2111.414776,2018,Canyon, Peaches,1
68,2643,587.7890513,2018,Canyon, Apples,1
69,2232,496.3848515,2018,Canyon, Grapes,1
111,58409,12989.84892,2018,Canyon, Open Water,0
121,142376,31663.66022,2018,Canyon, Developed/Open Space,0
122,60702,13499.79984,2018,Canyon, Developed/Low Intensity,0
123,15803,3514.502602,2018,Canyon, Developed/Medium Intensity,0
124,2560,569.3302956,2018,Canyon, Developed/High Intensity,0
131,581,129.2112897,2018,Canyon, Barren,0
141,2,0.444789293,2018,Canyon, Deciduous Forest,0
142,469,104.3030893,2018,Canyon, Evergreen Forest,0
152,69310,15414.17296,2018,Canyon, Shrubland,0
176,364251,81007.47246,2018,Canyon, Grass/Pasture,0
190,2920,649.3923684,2018,Canyon, Woody Wetlands,0
195,11759,2615.138651,2018,Canyon, Herbaceous Wetlands,0
205,9620,2139.436501,2018,Canyon, Triticale,1
206,11811,2626.703172,2018,Canyon, Carrots,1
216,125,27.79933084,2018,Canyon, Peppers,1
219,133,29.57848801,2018,Canyon, Greens,1
220,254,56.48824027,2018,Canyon, Plums,1
222,58,12.89888951,2018,Canyon, Squash,1
225,461,102.5239321,2018,Canyon, Dbl Crop WinWht/Corn,1
227,245,54.48668844,2018,Canyon, Lettuce,1
237,22,4.892682228,2018,Canyon,Dbl Crop Barley/Corn,1
242,17,3.780708994,2018,Canyon, Blueberries,1
246,3675,817.3003267,2018,Canyon, Radishes,1
247,2980,662.7360472,2018,Canyon, Turnips,1